


 ########  #          ######   #           #
 #         #         #      #   #         # 
 #####     #         #      #    #   #   #  
 #         #         #      #     # # # #   
 #         #######    ######       #   #    

Flow is a simulator for fully implicit three-phase black-oil flow, and is part of OPM.
For more information visit: https://opm-project.org 

Flow Version     =  2023.10 (lsb_release -d | sed s/.*:s+(.*)/1/: 2023.10-rfinal-1~focal)
Machine name     =  Arquimedes (Number of logical cores: 8, Memory size: 7816.02 MB) 
Operating system =  Linux x86_64 (Kernel: 5.15.167.4-microsoft-standard-WSL2, #1 SMP Tue Nov 5 00:21:55 UTC 2024 )
Build time       =  
Simulation started on 28-10-2025 at 13:00:13 hrs
Parameters used by Flow:
# [known parameters which were specified at run-time]
EclDeckFileName="EGG.DATA" # default: ""
# [parameters which were specified at compile-time]
AcceleratorMode="none"
AllowDistributedWells="0"
AlternativeWellRateInit="1"
BdaDeviceId="0"
ContinueOnConvergenceError="0"
CprReuseInterval="30"
CprReuseSetup="4"
DbhpMaxRel="1"
DpMaxRel="0.3"
DsMax="0.2"
DwellFractionMax="0.2"
EclEnableDriftCompensation="1"
EclEnableTuning="0"
EclNewtonRelaxedTolerance="1e+09"
EclNewtonRelaxedVolumeFraction="0.03"
EclNewtonStrictIterations="8"
EclNewtonSumTolerance="0.0001"
EclNewtonSumToleranceExponent="0.333333"
EclOutputDoublePrecision="0"
EclOutputInterval="-1"
EdgeWeightsMethod="1"
EnableAdaptiveTimeStepping="1"
EnableAsyncEclOutput="1"
EnableAsyncVtkOutput="1"
EnableDryRun="auto"
EnableEclOutput="1"
EnableEsmry="0"
EnableGravity="1"
EnableGridAdaptation="0"
EnableIntensiveQuantityCache="1"
EnableLoggingFalloutWarning="0"
EnableOpmRstFile="0"
EnableStorageCache="1"
EnableTerminalOutput="1"
EnableThermodynamicHints="0"
EnableTuning="0"
EnableVtkOutput="0"
EnableWellOperabilityCheck="1"
EnableWellOperabilityCheckIter="0"
EnableWriteAllSolutions="0"
EndTime="1e+100"
ForceDisableFluidInPlaceOutput="0"
ForceDisableResvFluidInPlaceOutput="0"
FullTimeStepInitially="0"
IgnoreKeywords=""
IluFillinLevel="0"
IluRedblack="0"
IluRelaxation="0.9"
IluReorderSpheres="0"
InitialTimeStepInDays="1"
InitialTimeStepSize="86400"
LinearSolver="ilu0"
LinearSolverIgnoreConvergenceFailure="0"
LinearSolverMaxIter="200"
LinearSolverPrintJsonDefinition="1"
LinearSolverReduction="0.01"
LinearSolverRestart="40"
LinearSolverVerbosity="0"
LoadFile=""
LoadStep="-1"
LocalDomainsOrderingMeasure="pressure"
LocalDomainsPartitioningImbalance="1.03"
LocalDomainsPartitioningMethod="zoltan"
LocalSolveApproach="jacobi"
LocalToleranceScalingCnv="0.01"
LocalToleranceScalingMb="1"
LocalWellSolveControlSwitching="0"
MatrixAddWellContributions="0"
MaxInnerIterMsWells="100"
MaxInnerIterWells="50"
MaxLocalSolveIterations="20"
MaxNewtonIterationsWithInnerWellIterations="8"
MaxPressureChangeMsWells="1e+06"
MaxResidualAllowed="1e+07"
MaxSinglePrecisionDays="20"
MaxTemperatureChange="5"
MaxTimeStepDivisions="10"
MaxTimeStepSize="inf"
MaxWelleqIter="30"
MaximumNumberOfWellSwitches="3"
MaximumWaterSaturation="1"
MiluVariant="ILU"
MinStrictCnvIter="0"
MinTimeStepBasedOnNewtonIterations="0"
MinTimeStepBeforeShuttingProblematicWellsInDays="0.01"
MinTimeStepSize="0"
NetworkMaxIterations="200"
NetworkMaxStrictIterations="100"
NewtonMaxError="1e+10"
NewtonMaxIterations="20"
NewtonMaxRelax="0.5"
NewtonMinIterations="1"
NewtonRelaxationType="dampen"
NewtonTargetIterations="6"
NewtonTolerance="0.01"
NewtonVerbose="1"
NewtonWriteConvergence="0"
NlddNumInitialNewtonIter="1"
NonlinearSolver="newton"
NumLocalDomains="0"
NumPressurePointsEquil="2000"
OpenclIluParallel="1"
OpenclPlatformId="0"
OutputDir=""
OutputExtraConvergenceInfo="none"
OutputInterval="1"
OutputMode="all"
OwnerCellsFirst="1"
ParameterFile=""
ParsingStrictness="normal"
PredeterminedTimeStepsFile=""
PriVarOscilationThreshold="1e-05"
PrintParameters="2"
PrintProperties="2"
ProjectSaturations="0"
RegularizationFactorWells="100"
RelaxedLinearSolverReduction="0.01"
RelaxedMaxPvFraction="0.03"
RelaxedPressureTolMsw="10000"
RelaxedWellFlowTol="0.001"
RestartTime="-1e+35"
RestartWritingInterval="16777215"
SaveFile=""
SaveStep=""
ScaleLinearSystem="0"
SchedRestart="0"
SerialPartitioning="0"
ShutUnsolvableWells="1"
SolveWelleqInitially="1"
SolverContinueOnConvergenceFailure="0"
SolverGrowthFactor="2"
SolverMaxGrowth="3"
SolverMaxRestarts="10"
SolverMaxTimeStepInDays="365"
SolverMinTimeStep="1e-12"
SolverRestartFactor="0.33"
SolverVerbosity="1"
StrictInnerIterWells="40"
StrictOuterIterWells="6"
TemperatureMax="1e+09"
TemperatureMin="0"
ThreadsPerProcess="-1"
TimeStepAfterEventInDays="-1"
TimeStepControl="pid+newtoniteration"
TimeStepControlDecayDampingFactor="1"
TimeStepControlDecayRate="0.75"
TimeStepControlFileName="timesteps"
TimeStepControlGrowthDampingFactor="3.2"
TimeStepControlGrowthRate="1.25"
TimeStepControlTargetIterations="30"
TimeStepControlTargetNewtonIterations="8"
TimeStepControlTolerance="0.1"
TimeStepVerbosity="1"
ToleranceCnv="0.01"
ToleranceCnvRelaxed="1"
ToleranceMb="1e-06"
TolerancePressureMsWells="1000"
ToleranceWellControl="1e-07"
ToleranceWells="0.0001"
UpdateEquationsScaling="0"
UseAverageDensityMsWells="0"
UseGmres="0"
UseMultisegmentWell="1"
UseUpdateStabilization="1"
VtkWriteAverageMolarMasses="0"
VtkWriteDensities="1"
VtkWriteDiffusionCoefficients="0"
VtkWriteDofIndex="0"
VtkWriteEclTracerConcentration="0"
VtkWriteEffectiveDiffusionCoefficients="0"
VtkWriteExtrusionFactor="0"
VtkWriteFilterVelocities="0"
VtkWriteFugacities="0"
VtkWriteFugacityCoeffs="0"
VtkWriteGasDissolutionFactor="0"
VtkWriteGasFormationVolumeFactor="0"
VtkWriteGasSaturationPressure="0"
VtkWriteIntrinsicPermeabilities="0"
VtkWriteMassFractions="0"
VtkWriteMobilities="0"
VtkWriteMolarities="0"
VtkWriteMoleFractions="1"
VtkWriteOilFormationVolumeFactor="0"
VtkWriteOilSaturationPressure="0"
VtkWriteOilVaporizationFactor="0"
VtkWritePorosity="1"
VtkWritePotentialGradients="0"
VtkWritePressures="1"
VtkWritePrimaryVars="0"
VtkWritePrimaryVarsMeaning="0"
VtkWriteProcessRank="0"
VtkWriteRelativePermeabilities="1"
VtkWriteSaturatedGasOilVaporizationFactor="0"
VtkWriteSaturatedOilGasDissolutionFactor="0"
VtkWriteSaturationRatios="0"
VtkWriteSaturations="1"
VtkWriteTemperature="1"
VtkWriteTortuosities="0"
VtkWriteTotalMassFractions="0"
VtkWriteTotalMoleFractions="0"
VtkWriteViscosities="0"
VtkWriteWaterFormationVolumeFactor="0"
WaterOnlyThreshold="1"
ZoltanImbalanceTol="1.1"
ZoltanParams="graph"

Reading deck file 'EGG.DATA'
    0 Reading NOECHO   in EGG.DATA line 5
    1 Reading RUNSPEC  in EGG.DATA line 8
    2 Reading TITLE    in EGG.DATA line 9
    3 Reading UNIFOUT  in EGG.DATA line 14
    4 Reading DIMENS   in EGG.DATA line 16
    5 Reading METRIC   in EGG.DATA line 19
    6 Reading OIL      in EGG.DATA line 20
    7 Reading WATER    in EGG.DATA line 21
    8 Reading NUMRES   in EGG.DATA line 22
    9 Reading TABDIMS  in EGG.DATA line 25
   10 Reading EQLDIMS  in EGG.DATA line 27
   11 Reading REGDIMS  in EGG.DATA line 29
   12 Reading WELLDIMS in EGG.DATA line 31
   13 Reading VFPPDIMS in EGG.DATA line 33
   14 Reading VFPIDIMS in EGG.DATA line 35
   15 Reading AQUDIMS  in EGG.DATA line 37
   16 Reading NSTACK   in EGG.DATA line 39
   17 Reading START    in EGG.DATA line 41
   18 Reading GRID     in EGG.DATA line 48
   19 Reading SPECGRID in EGG.DATA line 51
   20 Reading ACTNUM   in /mnt/c/Users/calva/OneDrive/Documentos/Doutorado/Proposta_de_Tese/Codes_Optimization_Reservoir/Temp/ACTIVE.INC line 1
   21 Reading DX       in EGG.DATA line 58
   22 Reading DY       in EGG.DATA line 62
   23 Reading DZ       in EGG.DATA line 66
   24 Reading TOPS     in EGG.DATA line 69
   25 Reading PERMX    in /mnt/c/Users/calva/OneDrive/Documentos/Doutorado/Proposta_de_Tese/Codes_Optimization_Reservoir/Realizations/PERM71_ECL.INC line 1
   26 Reading PERMY    in /mnt/c/Users/calva/OneDrive/Documentos/Doutorado/Proposta_de_Tese/Codes_Optimization_Reservoir/Realizations/PERM71_ECL.INC line 4633
   27 Reading PERMZ    in /mnt/c/Users/calva/OneDrive/Documentos/Doutorado/Proposta_de_Tese/Codes_Optimization_Reservoir/Realizations/PERM71_ECL.INC line 9265
   28 Reading NTG      in EGG.DATA line 75
   29 Reading PORO     in EGG.DATA line 78
   30 Reading ECHO     in EGG.DATA line 81
   31 Reading INIT     in EGG.DATA line 83
   32 Reading PROPS    in EGG.DATA line 91
   33 Reading DENSITY  in EGG.DATA line 93
   34 Reading PVCDO    in EGG.DATA line 95
   35 Reading PVTW     in EGG.DATA line 99
   36 Reading ROCK     in EGG.DATA line 102
   37 Reading SWOF     in EGG.DATA line 105
   38 Reading REGIONS  in EGG.DATA line 131
   39 Reading SOLUTION in EGG.DATA line 137
   40 Reading EQUIL    in EGG.DATA line 138
   41 Reading RPTSOL   in EGG.DATA line 145
   42 Reading SUMMARY  in EGG.DATA line 153
   43 Reading FOPT     in EGG.DATA line 155
   44 Reading FWPT     in EGG.DATA line 156
   45 Reading FWIT     in EGG.DATA line 157
   46 Reading FOPR     in EGG.DATA line 158
   47 Reading FWPR     in EGG.DATA line 159
   48 Reading FWIR     in EGG.DATA line 160
   49 Reading WOPR     in EGG.DATA line 163
   50 Reading WLPR     in EGG.DATA line 165
   51 Reading WWPR     in EGG.DATA line 169
   52 Reading WWIR     in EGG.DATA line 173
   53 Reading EXCEL    in EGG.DATA line 181
   54 Reading RPTONLY  in EGG.DATA line 185
   55 Reading SCHEDULE in EGG.DATA line 191
   56 Reading WELSPECS in EGG.DATA line 196
   57 Reading COMPDAT  in EGG.DATA line 203
   58 Reading WCONPROD in EGG.DATA line 212
   59 Reading WCONINJE in EGG.DATA line 217
   60 Reading WELOPEN  in EGG.DATA line 222
   61 Reading DATES    in EGG.DATA line 227
   62 Reading DATES    in EGG.DATA line 231
   63 Reading DATES    in EGG.DATA line 235
   64 Reading DATES    in EGG.DATA line 239
   65 Reading DATES    in EGG.DATA line 243
   66 Reading DATES    in EGG.DATA line 247
   67 Reading WELOPEN  in EGG.DATA line 251
   68 Reading DATES    in EGG.DATA line 256
   69 Reading DATES    in EGG.DATA line 260
   70 Reading DATES    in EGG.DATA line 264
   71 Reading DATES    in EGG.DATA line 268
   72 Reading DATES    in EGG.DATA line 272
   73 Reading DATES    in EGG.DATA line 276

Warning: Unsupported keywords or keyword items:

  NOECHO: keyword not supported
  In file: EGG.DATA, line 5

  WELLDIMS: invalid value '0' for item 5
  In file: EGG.DATA, line 31
  WELLDIMS(MXSTAGE): option not supported – value ignored

  WELLDIMS: invalid value '0' for item 6
  In file: EGG.DATA, line 31
  WELLDIMS(MXSTRMS): option not supported – value ignored

  WELLDIMS: invalid value '0' for item 7
  In file: EGG.DATA, line 31
  WELLDIMS(MXMIS): option not supported – value ignored

  WELLDIMS: invalid value '0' for item 8
  In file: EGG.DATA, line 31
  WELLDIMS(MXSEPS): option not supported – value ignored

  WELLDIMS: invalid value '0' for item 9
  In file: EGG.DATA, line 31
  WELLDIMS(MXCOMPS): option not supported – value ignored

  WELLDIMS: invalid value '0' for item 11
  In file: EGG.DATA, line 31
  WELLDIMS(MXWSLIST): option not supported – value ignored

  WELLDIMS: invalid value '0' for item 12
  In file: EGG.DATA, line 31
  WELLDIMS(MXWLISTS): option not supported – value ignored

  NSTACK: keyword not supported
  In file: EGG.DATA, line 39

  ECHO: keyword not supported
  In file: EGG.DATA, line 81

  RPTSOL: keyword not supported
  In file: EGG.DATA, line 145

  EXCEL: keyword not supported
  In file: EGG.DATA, line 181

Creating grid from keywords DX, DY, DZ and TOPS
2 fluid phases are active

Processing dynamic information from
EGG.DATA line 191
Initializing report step 0/12 at 2020-01-01 0 DAYS line 191
Processing keyword WELSPECS at line 196
Processing keyword COMPDAT at line 203
Processing keyword WCONPROD at line 212
Processing keyword WCONINJE at line 217
Processing keyword WELOPEN at line 222
Complete report step 1 (31 DAYS) at 2020-02-01 (0 DAYS)

Initializing report step 2/12 at 2020-02-01 (0 DAYS) line 227
Complete report step 2 (29 DAYS) at 2020-03-01 (31 DAYS)

Initializing report step 3/12 at 2020-03-01 (31 DAYS) line 231
Complete report step 3 (31 DAYS) at 2020-04-01 (60 DAYS)

Initializing report step 4/12 at 2020-04-01 (60 DAYS) line 235
Complete report step 4 (30 DAYS) at 2020-05-01 (91 DAYS)

Initializing report step 5/12 at 2020-05-01 (91 DAYS) line 239
Complete report step 5 (31 DAYS) at 2020-06-01 (121 DAYS)
Report limit reached, see PRT-file for remaining Schedule initialization.

Initializing report step 6/12 at 2020-06-01 (121 DAYS) line 243
Complete report step 6 (30 DAYS) at 2020-07-01 (152 DAYS)

Initializing report step 7/12 at 2020-07-01 (152 DAYS) line 247
Processing keyword WELOPEN at line 251
Complete report step 7 (31 DAYS) at 2020-08-01 (182 DAYS)

Initializing report step 8/12 at 2020-08-01 (182 DAYS) line 256
Complete report step 8 (31 DAYS) at 2020-09-01 (213 DAYS)

Initializing report step 9/12 at 2020-09-01 (213 DAYS) line 260
Complete report step 9 (30 DAYS) at 2020-10-01 (244 DAYS)

Initializing report step 10/12 at 2020-10-01 (244 DAYS) line 264
Complete report step 10 (31 DAYS) at 2020-11-01 (274 DAYS)

Initializing report step 11/12 at 2020-11-01 (274 DAYS) line 268
Complete report step 11 (30 DAYS) at 2020-12-01 (305 DAYS)

Initializing report step 12/12 at 2020-12-01 (305 DAYS) line 272
Complete report step 12 (31 DAYS) at 2021-01-01 (335 DAYS)


Warning: Request for missing well WWPR in WOPR
In EGG.DATA line 163

Warning: Request for missing well WOPR in WLPR
In EGG.DATA line 165

Warning: Request for missing well WLPR in WWPR
In EGG.DATA line 169

Warning: Request for missing well WWIR in WWIR
In EGG.DATA line 173

Processing grid
Total number of active cells: 18553 / total pore volume: 949914 RM3
Property tree for linear solvers:
{
    "tol": "0.01",
    "maxiter": "200",
    "verbosity": "0",
    "solver": "bicgstab",
    "preconditioner": {
        "type": "ParOverILU0",
        "relaxation": "0.90000000000000002",
        "ilulevel": "0"
    }
}


Warning: Unhandled summary keyword EXCEL
In EGG.DATA line 181

===============Saturation Functions Diagnostics===============

System:  Oil-Water system.
Relative permeability input format: Saturation Family I.
Number of saturation regions: 1



================ Starting main simulation loop ===============


Report step  0/12 at day 0/366, date = 01-Jan-2020
Using Newton nonlinear solver.

Starting time step 0, stepsize 1 days, at day 0/31, date = 01-Jan-2020
Restart file written for report step  0/12, date = 01-Jan-2020 00:00:00
 well INJECT1 gets SHUT during iteration 

Problem: Solver convergence failure - Iteration limit reached
Timestep chopped to 0.330000 days


Starting time step 0, stepsize 0.33 days, at day 0/31, date = 01-Jan-2020
 well INJECT1 gets SHUT during iteration 

Problem: Solver convergence failure - Iteration limit reached
Timestep chopped to 0.108900 days


Starting time step 0, stepsize 0.1089 days, at day 0/31, date = 01-Jan-2020
 well INJECT1 gets SHUT during iteration 
 well INJECT1 gets REVIVED during iteration 

Problem: Solver convergence failure - Iteration limit reached
Timestep chopped to 0.035937 days


Starting time step 0, stepsize 0.035937 days, at day 0/31, date = 01-Jan-2020
 well INJECT1 gets SHUT during iteration 
 well INJECT1 gets REVIVED during iteration 
 Newton its= 7, linearizations= 8 (0.1sec), linear its= 28 (0.1sec)

Starting time step 1, stepsize 0.0503118 days, at day 0.035937/31, date = 01-Jan-2020
 Newton its= 3, linearizations= 4 (0.0sec), linear its= 14 (0.0sec)

Starting time step 2, stepsize 0.150935 days, at day 0.0862488/31, date = 01-Jan-2020
 Newton its= 2, linearizations= 3 (0.0sec), linear its= 34 (0.1sec)

Starting time step 3, stepsize 0.452806 days, at day 0.237184/31, date = 01-Jan-2020
 Newton its= 3, linearizations= 4 (0.0sec), linear its= 66 (0.2sec)

Starting time step 4, stepsize 1.35842 days, at day 0.68999/31, date = 01-Jan-2020
 Newton its= 4, linearizations= 5 (0.0sec), linear its= 85 (0.3sec)

Starting time step 5, stepsize 3.53189 days, at day 2.04841/31, date = 03-Jan-2020
 Newton its= 4, linearizations= 5 (0.0sec), linear its= 68 (0.2sec)

Starting time step 6, stepsize 9.18291 days, at day 5.5803/31, date = 06-Jan-2020
 Newton its= 5, linearizations= 6 (0.1sec), linear its= 32 (0.1sec)

Starting time step 7, stepsize 16.2368 days, at day 14.7632/31, date = 15-Jan-2020

Field total pressure dependent pore volume = 949914 RM3

                                                  ===================================================
                                                  :                   Field Totals                  :
                                                  :      PAV  =           398 BARSA                 :
                                                  :      PORV =        949914   RM3                 :
                                                  : Pressure is weighted by hydrocarbon pore volume :
                                                  : Porv volumes are taken at reference conditions  :
                         :--------------- Oil    SM3 ---------------:-- Wat    SM3 --:--------------- Gas    SM3 ---------------:
                         :      Liquid        Vapour        Total   :      Total     :      Free        Dissolved       Total   :
:------------------------:------------------------------------------:----------------:------------------------------------------:
:Currently   in place    :        852437             0        852437:        97457   :             0             0             0:
:------------------------:------------------------------------------:----------------:------------------------------------------:
:Originally  in place    :             0             0             0:            0   :             0             0             0:
:========================:==========================================:================:==========================================:


FIPNUM report region 1 pressure dependent pore volume = 949914 RM3

                                                  ===================================================
                                                  :        FIPNUM report region   1                 :
                                                  :      PAV  =           398 BARSA                 :
                                                  :      PORV =        949914   RM3                 :
                         :--------------- Oil    SM3 ---------------:-- Wat    SM3 --:--------------- Gas    SM3 ---------------:
                         :      Liquid        Vapour        Total   :      Total     :      Free        Dissolved       Total   :
:------------------------:------------------------------------------:----------------:------------------------------------------:
:Currently   in place    :        852437             0        852437:        97457   :             0             0             0:
:------------------------:------------------------------------------:----------------:------------------------------------------:
:Originally  in place    :             0             0             0:            0   :             0             0             0:
:========================:==========================================:================:==========================================:

                                                     ===================================
                                                     :  RESERVOIR VOLUMES      M3      :
:---------:---------------:---------------:---------------:---------------:---------------:
: REGION  :  TOTAL PORE   :  PORE VOLUME  :  PORE VOLUME  : PORE VOLUME   :  PORE VOLUME  :
:         :   VOLUME      :  CONTAINING   :  CONTAINING   : CONTAINING    :  CONTAINING   :
:         :               :     OIL       :    WATER      :    GAS        :  HYDRO-CARBON :
:---------:---------------:---------------:---------------:---------------:---------------

:        1:         949914:         852455:          97459:              0:         852455:
:---------:---------------:---------------:---------------:---------------:---------------:

======================================================= PRODUCTION REPORT =======================================================
:  WELL  :  LOCATION :CTRL:    OIL    :   WATER   :    GAS    :   FLUID   :   WATER   : GAS/OIL  :  WAT/GAS   : BHP OR : THP OR :
:  NAME  :  (I,J,K)  :MODE:    RATE   :   RATE    :    RATE   :  RES.VOL. :    CUT    :  RATIO   :   RATIO    : CON.PR.: BLK.PR.:
:        :           :    :  SCM/DAY  :  SCM/DAY  :  SCM/DAY  :  RCM/DAY  :  SCM/SCM  :  SCM/SCM :  SCM/SCM   :  BARSA :  BARSA :
=================================================================================================================================

:   FIELD:           :    :       79.4:       -0.0:       -0.0:       79.4:     -0.000:     -0.00:      0.0000:        :        : 
:--------:-----------:----:-----------:-----------:-----------:-----------:-----------:----------:------------:--------:--------:

:       1:           :    :       79.4:       -0.0:       -0.0:       79.4:     -0.000:     -0.00:      0.0000:        :        : 
:--------:-----------:----:-----------:-----------:-----------:-----------:-----------:----------:------------:--------:--------:

:   PROD2:   23,   11: BHP:       -0.0:       -0.0:       -0.0:       -0.0:      0.000:      0.00:      0.0000:     0.0:     0.0: 
:--------:-----------:----:-----------:-----------:-----------:-----------:-----------:----------:------------:--------:--------:

:   PROD1:   37,   24: BHP:       79.4:       -0.0:       -0.0:       79.4:     -0.000:     -0.00:      0.0000:   395.0:     0.0: 
:--------:-----------:----:-----------:-----------:-----------:-----------:-----------:----------:------------:--------:--------:

=================================================== INJECTION REPORT ========================================
:  WELL  :  LOCATION : CTRL : CTRL : CTRL :    OIL    :   WATER   :    GAS    :   FLUID   : BHP OR : THP OR :
:  NAME  :  (I,J,K)  : MODE : MODE : MODE :    RATE   :   RATE    :    RATE   :  RES.VOL. : CON.PR.: BLK.PR.:
:        :           : OIL  : WAT  : GAS  :  SCM/DAY  :  SCM/DAY  :  SCM/DAY  :  RCM/DAY  :  BARSA :  BARSA :
==============================================================================================================

:   FIELD:           :      :      :      :        0.0:       79.5:        0.0:       79.5:        :        : 
:--------:-----------:------:------:------:------------:----------:-----------:-----------:--------:--------: 

:       1:           :      :      :      :        0.0:       79.5:        0.0:       79.5:        :        : 
:--------:-----------:------:------:------:------------:----------:-----------:-----------:--------:--------: 

: INJECT2:   44,   24:      :      :  WRAT:        0.0:        0.0:        0.0:        0.0:     0.0:     0.0: 
:--------:-----------:------:------:------:------------:----------:-----------:-----------:--------:--------: 

: INJECT1:   17,   41:      :      :  WRAT:        0.0:       79.5:        0.0:       79.5:   398.9:     0.0: 
:--------:-----------:------:------:------:------------:----------:-----------:-----------:--------:--------: 

=================================================== CUMULATIVE PRODUCTION/INJECTION REPORT =========================================
:  WELL  :  LOCATION :  WELL  :CTRL:    OIL    :   WATER   :    GAS    :   Prod    :    OIL    :   WATER   :    GAS    :   INJ     :
:  NAME  :  (I,J,K)  :  TYPE  :MODE:    PROD   :   PROD    :    PROD   :  RES.VOL. :    INJ    :   INJ     :    INJ    :  RES.VOL. :
:        :           :        :    :    MSCM   :   MSCM    :    MMSCM  :   MRCM    :    MSCM   :   MSCM    :    MMSCM  :   MRCM    :
====================================================================================================================================

:   FIELD:           :        :    :        2.5:        0.0:        0.0:        2.5:        0.0:        2.5:        0.0:        2.5: 
:--------:-----------:--------:----:------------:----------:-----------:-----------:------------:----------:-----------:-----------: 

:       1:           :        :    :        2.5:        0.0:        0.0:        2.5:        0.0:        2.5:        0.0:        2.5: 
:--------:-----------:--------:----:------------:----------:-----------:-----------:------------:----------:-----------:-----------: 

:   PROD2:   23,   11:    PROD: BHP:        0.0:        0.0:        0.0:        0.0:        0.0:        0.0:        0.0:        0.0: 
:--------:-----------:--------:----:------------:----------:-----------:-----------:------------:----------:-----------:-----------: 

: INJECT2:   44,   24:     INJ:WRAT:        0.0:        0.0:        0.0:        0.0:        0.0:        0.0:        0.0:        0.0: 
:--------:-----------:--------:----:------------:----------:-----------:-----------:------------:----------:-----------:-----------: 

:   PROD1:   37,   24:    PROD: BHP:        2.5:        0.0:        0.0:        2.5:        0.0:        0.0:        0.0:        0.0: 
:--------:-----------:--------:----:------------:----------:-----------:-----------:------------:----------:-----------:-----------: 

: INJECT1:   17,   41:     INJ:WRAT:        0.0:        0.0:        0.0:        0.0:        0.0:        2.5:        0.0:        2.5: 
:--------:-----------:--------:----:------------:----------:-----------:-----------:------------:----------:-----------:-----------: 

 Newton its= 4, linearizations= 5 (0.0sec), linear its= 20 (0.1sec)

                              **************************************************************************
  Balance  at        31  Days *                           VEM                                          *
  Report    1    01 Feb 2020  *                                             Flow  version     2023.10  *
                              **************************************************************************


Report step  1/12 at day 31/366, date = 01-Feb-2020

Starting time step 0, stepsize 29 days, at day 31/60, date = 01-Feb-2020

Field total pressure dependent pore volume = 949914 RM3

                                                  ===================================================
                                                  :                   Field Totals                  :
                                                  :      PAV  =           398 BARSA                 :
                                                  :      PORV =        949914   RM3                 :
                                                  : Pressure is weighted by hydrocarbon pore volume :
                                                  : Porv volumes are taken at reference conditions  :
                         :--------------- Oil    SM3 ---------------:-- Wat    SM3 --:--------------- Gas    SM3 ---------------:
                         :      Liquid        Vapour        Total   :      Total     :      Free        Dissolved       Total   :
:------------------------:------------------------------------------:----------------:------------------------------------------:
:Currently   in place    :        850132             0        850132:        99763   :             0             0             0:
:------------------------:------------------------------------------:----------------:------------------------------------------:
:Originally  in place    :             0             0             0:            0   :             0             0             0:
:========================:==========================================:================:==========================================:


FIPNUM report region 1 pressure dependent pore volume = 949914 RM3

                                                  ===================================================
                                                  :        FIPNUM report region   1                 :
                                                  :      PAV  =           398 BARSA                 :
                                                  :      PORV =        949914   RM3                 :
                         :--------------- Oil    SM3 ---------------:-- Wat    SM3 --:--------------- Gas    SM3 ---------------:
                         :      Liquid        Vapour        Total   :      Total     :      Free        Dissolved       Total   :
:------------------------:------------------------------------------:----------------:------------------------------------------:
:Currently   in place    :        850132             0        850132:        99763   :             0             0             0:
:------------------------:------------------------------------------:----------------:------------------------------------------:
:Originally  in place    :             0             0             0:            0   :             0             0             0:
:========================:==========================================:================:==========================================:

                                                     ===================================
                                                     :  RESERVOIR VOLUMES      M3      :
:---------:---------------:---------------:---------------:---------------:---------------:
: REGION  :  TOTAL PORE   :  PORE VOLUME  :  PORE VOLUME  : PORE VOLUME   :  PORE VOLUME  :
:         :   VOLUME      :  CONTAINING   :  CONTAINING   : CONTAINING    :  CONTAINING   :
:         :               :     OIL       :    WATER      :    GAS        :  HYDRO-CARBON :
:---------:---------------:---------------:---------------:---------------:---------------

:        1:         949914:         850149:          99765:              0:         850149:
:---------:---------------:---------------:---------------:---------------:---------------:

======================================================= PRODUCTION REPORT =======================================================
:  WELL  :  LOCATION :CTRL:    OIL    :   WATER   :    GAS    :   FLUID   :   WATER   : GAS/OIL  :  WAT/GAS   : BHP OR : THP OR :
:  NAME  :  (I,J,K)  :MODE:    RATE   :   RATE    :    RATE   :  RES.VOL. :    CUT    :  RATIO   :   RATIO    : CON.PR.: BLK.PR.:
:        :           :    :  SCM/DAY  :  SCM/DAY  :  SCM/DAY  :  RCM/DAY  :  SCM/SCM  :  SCM/SCM :  SCM/SCM   :  BARSA :  BARSA :
=================================================================================================================================

:   FIELD:           :    :       79.5:       -0.0:       -0.0:       79.5:     -0.000:     -0.00:      0.0000:        :        : 
:--------:-----------:----:-----------:-----------:-----------:-----------:-----------:----------:------------:--------:--------:

:       1:           :    :       79.5:       -0.0:       -0.0:       79.5:     -0.000:     -0.00:      0.0000:        :        : 
:--------:-----------:----:-----------:-----------:-----------:-----------:-----------:----------:------------:--------:--------:

:   PROD2:   23,   11: BHP:       -0.0:       -0.0:       -0.0:       -0.0:      0.000:      0.00:      0.0000:     0.0:     0.0: 
:--------:-----------:----:-----------:-----------:-----------:-----------:-----------:----------:------------:--------:--------:

:   PROD1:   37,   24: BHP:       79.5:       -0.0:       -0.0:       79.5:     -0.000:     -0.00:      0.0000:   395.0:     0.0: 
:--------:-----------:----:-----------:-----------:-----------:-----------:-----------:----------:------------:--------:--------:

=================================================== INJECTION REPORT ========================================
:  WELL  :  LOCATION : CTRL : CTRL : CTRL :    OIL    :   WATER   :    GAS    :   FLUID   : BHP OR : THP OR :
:  NAME  :  (I,J,K)  : MODE : MODE : MODE :    RATE   :   RATE    :    RATE   :  RES.VOL. : CON.PR.: BLK.PR.:
:        :           : OIL  : WAT  : GAS  :  SCM/DAY  :  SCM/DAY  :  SCM/DAY  :  RCM/DAY  :  BARSA :  BARSA :
==============================================================================================================

:   FIELD:           :      :      :      :        0.0:       79.5:        0.0:       79.5:        :        : 
:--------:-----------:------:------:------:------------:----------:-----------:-----------:--------:--------: 

:       1:           :      :      :      :        0.0:       79.5:        0.0:       79.5:        :        : 
:--------:-----------:------:------:------:------------:----------:-----------:-----------:--------:--------: 

: INJECT2:   44,   24:      :      :  WRAT:        0.0:        0.0:        0.0:        0.0:     0.0:     0.0: 
:--------:-----------:------:------:------:------------:----------:-----------:-----------:--------:--------: 

: INJECT1:   17,   41:      :      :  WRAT:        0.0:       79.5:        0.0:       79.5:   398.9:     0.0: 
:--------:-----------:------:------:------:------------:----------:-----------:-----------:--------:--------: 

=================================================== CUMULATIVE PRODUCTION/INJECTION REPORT =========================================
:  WELL  :  LOCATION :  WELL  :CTRL:    OIL    :   WATER   :    GAS    :   Prod    :    OIL    :   WATER   :    GAS    :   INJ     :
:  NAME  :  (I,J,K)  :  TYPE  :MODE:    PROD   :   PROD    :    PROD   :  RES.VOL. :    INJ    :   INJ     :    INJ    :  RES.VOL. :
:        :           :        :    :    MSCM   :   MSCM    :    MMSCM  :   MRCM    :    MSCM   :   MSCM    :    MMSCM  :   MRCM    :
====================================================================================================================================

:   FIELD:           :        :    :        4.8:        0.0:        0.0:        4.8:        0.0:        4.8:        0.0:        4.8: 
:--------:-----------:--------:----:------------:----------:-----------:-----------:------------:----------:-----------:-----------: 

:       1:           :        :    :        4.8:        0.0:        0.0:        4.8:        0.0:        4.8:        0.0:        4.8: 
:--------:-----------:--------:----:------------:----------:-----------:-----------:------------:----------:-----------:-----------: 

:   PROD2:   23,   11:    PROD: BHP:        0.0:        0.0:        0.0:        0.0:        0.0:        0.0:        0.0:        0.0: 
:--------:-----------:--------:----:------------:----------:-----------:-----------:------------:----------:-----------:-----------: 

: INJECT2:   44,   24:     INJ:WRAT:        0.0:        0.0:        0.0:        0.0:        0.0:        0.0:        0.0:        0.0: 
:--------:-----------:--------:----:------------:----------:-----------:-----------:------------:----------:-----------:-----------: 

:   PROD1:   37,   24:    PROD: BHP:        4.8:        0.0:        0.0:        4.8:        0.0:        0.0:        0.0:        0.0: 
:--------:-----------:--------:----:------------:----------:-----------:-----------:------------:----------:-----------:-----------: 

: INJECT1:   17,   41:     INJ:WRAT:        0.0:        0.0:        0.0:        0.0:        0.0:        4.8:        0.0:        4.8: 
:--------:-----------:--------:----:------------:----------:-----------:-----------:------------:----------:-----------:-----------: 

 Newton its= 7, linearizations= 8 (0.1sec), linear its=105 (0.3sec)

                              **************************************************************************
  Balance  at        60  Days *                           VEM                                          *
  Report    2    01 Mar 2020  *                                             Flow  version     2023.10  *
                              **************************************************************************


Report step  2/12 at day 60/366, date = 01-Mar-2020

Starting time step 0, stepsize 31 days, at day 60/91, date = 01-Mar-2020

Field total pressure dependent pore volume = 949914 RM3

                                                  ===================================================
                                                  :                   Field Totals                  :
                                                  :      PAV  =           398 BARSA                 :
                                                  :      PORV =        949914   RM3                 :
                                                  : Pressure is weighted by hydrocarbon pore volume :
                                                  : Porv volumes are taken at reference conditions  :
                         :--------------- Oil    SM3 ---------------:-- Wat    SM3 --:--------------- Gas    SM3 ---------------:
                         :      Liquid        Vapour        Total   :      Total     :      Free        Dissolved       Total   :
:------------------------:------------------------------------------:----------------:------------------------------------------:
:Currently   in place    :        847666             0        847666:       102228   :             0             0             0:
:------------------------:------------------------------------------:----------------:------------------------------------------:
:Originally  in place    :             0             0             0:            0   :             0             0             0:
:========================:==========================================:================:==========================================:


FIPNUM report region 1 pressure dependent pore volume = 949914 RM3

                                                  ===================================================
                                                  :        FIPNUM report region   1                 :
                                                  :      PAV  =           398 BARSA                 :
                                                  :      PORV =        949914   RM3                 :
                         :--------------- Oil    SM3 ---------------:-- Wat    SM3 --:--------------- Gas    SM3 ---------------:
                         :      Liquid        Vapour        Total   :      Total     :      Free        Dissolved       Total   :
:------------------------:------------------------------------------:----------------:------------------------------------------:
:Currently   in place    :        847666             0        847666:       102228   :             0             0             0:
:------------------------:------------------------------------------:----------------:------------------------------------------:
:Originally  in place    :             0             0             0:            0   :             0             0             0:
:========================:==========================================:================:==========================================:

                                                     ===================================
                                                     :  RESERVOIR VOLUMES      M3      :
:---------:---------------:---------------:---------------:---------------:---------------:
: REGION  :  TOTAL PORE   :  PORE VOLUME  :  PORE VOLUME  : PORE VOLUME   :  PORE VOLUME  :
:         :   VOLUME      :  CONTAINING   :  CONTAINING   : CONTAINING    :  CONTAINING   :
:         :               :     OIL       :    WATER      :    GAS        :  HYDRO-CARBON :
:---------:---------------:---------------:---------------:---------------:---------------

:        1:         949914:         847684:         102230:              0:         847684:
:---------:---------------:---------------:---------------:---------------:---------------:

======================================================= PRODUCTION REPORT =======================================================
:  WELL  :  LOCATION :CTRL:    OIL    :   WATER   :    GAS    :   FLUID   :   WATER   : GAS/OIL  :  WAT/GAS   : BHP OR : THP OR :
:  NAME  :  (I,J,K)  :MODE:    RATE   :   RATE    :    RATE   :  RES.VOL. :    CUT    :  RATIO   :   RATIO    : CON.PR.: BLK.PR.:
:        :           :    :  SCM/DAY  :  SCM/DAY  :  SCM/DAY  :  RCM/DAY  :  SCM/SCM  :  SCM/SCM :  SCM/SCM   :  BARSA :  BARSA :
=================================================================================================================================

:   FIELD:           :    :       79.5:       -0.0:       -0.0:       79.5:     -0.000:     -0.00:      0.0000:        :        : 
:--------:-----------:----:-----------:-----------:-----------:-----------:-----------:----------:------------:--------:--------:

:       1:           :    :       79.5:       -0.0:       -0.0:       79.5:     -0.000:     -0.00:      0.0000:        :        : 
:--------:-----------:----:-----------:-----------:-----------:-----------:-----------:----------:------------:--------:--------:

:   PROD2:   23,   11: BHP:       -0.0:       -0.0:       -0.0:       -0.0:      0.000:      0.00:      0.0000:     0.0:     0.0: 
:--------:-----------:----:-----------:-----------:-----------:-----------:-----------:----------:------------:--------:--------:

:   PROD1:   37,   24: BHP:       79.5:       -0.0:       -0.0:       79.5:     -0.000:     -0.00:      0.0000:   395.0:     0.0: 
:--------:-----------:----:-----------:-----------:-----------:-----------:-----------:----------:------------:--------:--------:

=================================================== INJECTION REPORT ========================================
:  WELL  :  LOCATION : CTRL : CTRL : CTRL :    OIL    :   WATER   :    GAS    :   FLUID   : BHP OR : THP OR :
:  NAME  :  (I,J,K)  : MODE : MODE : MODE :    RATE   :   RATE    :    RATE   :  RES.VOL. : CON.PR.: BLK.PR.:
:        :           : OIL  : WAT  : GAS  :  SCM/DAY  :  SCM/DAY  :  SCM/DAY  :  RCM/DAY  :  BARSA :  BARSA :
==============================================================================================================

:   FIELD:           :      :      :      :        0.0:       79.5:        0.0:       79.5:        :        : 
:--------:-----------:------:------:------:------------:----------:-----------:-----------:--------:--------: 

:       1:           :      :      :      :        0.0:       79.5:        0.0:       79.5:        :        : 
:--------:-----------:------:------:------:------------:----------:-----------:-----------:--------:--------: 

: INJECT2:   44,   24:      :      :  WRAT:        0.0:        0.0:        0.0:        0.0:     0.0:     0.0: 
:--------:-----------:------:------:------:------------:----------:-----------:-----------:--------:--------: 

: INJECT1:   17,   41:      :      :  WRAT:        0.0:       79.5:        0.0:       79.5:   398.8:     0.0: 
:--------:-----------:------:------:------:------------:----------:-----------:-----------:--------:--------: 

=================================================== CUMULATIVE PRODUCTION/INJECTION REPORT =========================================
:  WELL  :  LOCATION :  WELL  :CTRL:    OIL    :   WATER   :    GAS    :   Prod    :    OIL    :   WATER   :    GAS    :   INJ     :
:  NAME  :  (I,J,K)  :  TYPE  :MODE:    PROD   :   PROD    :    PROD   :  RES.VOL. :    INJ    :   INJ     :    INJ    :  RES.VOL. :
:        :           :        :    :    MSCM   :   MSCM    :    MMSCM  :   MRCM    :    MSCM   :   MSCM    :    MMSCM  :   MRCM    :
====================================================================================================================================

:   FIELD:           :        :    :        7.3:        0.0:        0.0:        7.3:        0.0:        7.2:        0.0:        7.2: 
:--------:-----------:--------:----:------------:----------:-----------:-----------:------------:----------:-----------:-----------: 

:       1:           :        :    :        7.3:        0.0:        0.0:        7.3:        0.0:        7.2:        0.0:        7.2: 
:--------:-----------:--------:----:------------:----------:-----------:-----------:------------:----------:-----------:-----------: 

:   PROD2:   23,   11:    PROD: BHP:        0.0:        0.0:        0.0:        0.0:        0.0:        0.0:        0.0:        0.0: 
:--------:-----------:--------:----:------------:----------:-----------:-----------:------------:----------:-----------:-----------: 

: INJECT2:   44,   24:     INJ:WRAT:        0.0:        0.0:        0.0:        0.0:        0.0:        0.0:        0.0:        0.0: 
:--------:-----------:--------:----:------------:----------:-----------:-----------:------------:----------:-----------:-----------: 

:   PROD1:   37,   24:    PROD: BHP:        7.3:        0.0:        0.0:        7.3:        0.0:        0.0:        0.0:        0.0: 
:--------:-----------:--------:----:------------:----------:-----------:-----------:------------:----------:-----------:-----------: 

: INJECT1:   17,   41:     INJ:WRAT:        0.0:        0.0:        0.0:        0.0:        0.0:        7.2:        0.0:        7.2: 
:--------:-----------:--------:----:------------:----------:-----------:-----------:------------:----------:-----------:-----------: 

 Newton its= 5, linearizations= 6 (0.0sec), linear its= 19 (0.1sec)

                              **************************************************************************
  Balance  at        91  Days *                           VEM                                          *
  Report    3    01 Apr 2020  *                                             Flow  version     2023.10  *
                              **************************************************************************


Report step  3/12 at day 91/366, date = 01-Apr-2020

Starting time step 0, stepsize 30 days, at day 91/121, date = 01-Apr-2020

Field total pressure dependent pore volume = 949914 RM3

                                                  ===================================================
                                                  :                   Field Totals                  :
                                                  :      PAV  =           398 BARSA                 :
                                                  :      PORV =        949914   RM3                 :
                                                  : Pressure is weighted by hydrocarbon pore volume :
                                                  : Porv volumes are taken at reference conditions  :
                         :--------------- Oil    SM3 ---------------:-- Wat    SM3 --:--------------- Gas    SM3 ---------------:
                         :      Liquid        Vapour        Total   :      Total     :      Free        Dissolved       Total   :
:------------------------:------------------------------------------:----------------:------------------------------------------:
:Currently   in place    :        845282             0        845282:       104612   :             0             0             0:
:------------------------:------------------------------------------:----------------:------------------------------------------:
:Originally  in place    :             0             0             0:            0   :             0             0             0:
:========================:==========================================:================:==========================================:


FIPNUM report region 1 pressure dependent pore volume = 949914 RM3

                                                  ===================================================
                                                  :        FIPNUM report region   1                 :
                                                  :      PAV  =           398 BARSA                 :
                                                  :      PORV =        949914   RM3                 :
                         :--------------- Oil    SM3 ---------------:-- Wat    SM3 --:--------------- Gas    SM3 ---------------:
                         :      Liquid        Vapour        Total   :      Total     :      Free        Dissolved       Total   :
:------------------------:------------------------------------------:----------------:------------------------------------------:
:Currently   in place    :        845282             0        845282:       104612   :             0             0             0:
:------------------------:------------------------------------------:----------------:------------------------------------------:
:Originally  in place    :             0             0             0:            0   :             0             0             0:
:========================:==========================================:================:==========================================:

                                                     ===================================
                                                     :  RESERVOIR VOLUMES      M3      :
:---------:---------------:---------------:---------------:---------------:---------------:
: REGION  :  TOTAL PORE   :  PORE VOLUME  :  PORE VOLUME  : PORE VOLUME   :  PORE VOLUME  :
:         :   VOLUME      :  CONTAINING   :  CONTAINING   : CONTAINING    :  CONTAINING   :
:         :               :     OIL       :    WATER      :    GAS        :  HYDRO-CARBON :
:---------:---------------:---------------:---------------:---------------:---------------

:        1:         949914:         845299:         104614:              0:         845299:
:---------:---------------:---------------:---------------:---------------:---------------:

======================================================= PRODUCTION REPORT =======================================================
:  WELL  :  LOCATION :CTRL:    OIL    :   WATER   :    GAS    :   FLUID   :   WATER   : GAS/OIL  :  WAT/GAS   : BHP OR : THP OR :
:  NAME  :  (I,J,K)  :MODE:    RATE   :   RATE    :    RATE   :  RES.VOL. :    CUT    :  RATIO   :   RATIO    : CON.PR.: BLK.PR.:
:        :           :    :  SCM/DAY  :  SCM/DAY  :  SCM/DAY  :  RCM/DAY  :  SCM/SCM  :  SCM/SCM :  SCM/SCM   :  BARSA :  BARSA :
=================================================================================================================================

:   FIELD:           :    :       79.5:       -0.0:       -0.0:       79.5:     -0.000:     -0.00:      0.0000:        :        : 
:--------:-----------:----:-----------:-----------:-----------:-----------:-----------:----------:------------:--------:--------:

:       1:           :    :       79.5:       -0.0:       -0.0:       79.5:     -0.000:     -0.00:      0.0000:        :        : 
:--------:-----------:----:-----------:-----------:-----------:-----------:-----------:----------:------------:--------:--------:

:   PROD2:   23,   11: BHP:       -0.0:       -0.0:       -0.0:       -0.0:      0.000:      0.00:      0.0000:     0.0:     0.0: 
:--------:-----------:----:-----------:-----------:-----------:-----------:-----------:----------:------------:--------:--------:

:   PROD1:   37,   24: BHP:       79.5:       -0.0:       -0.0:       79.5:     -0.000:     -0.00:      0.0000:   395.0:     0.0: 
:--------:-----------:----:-----------:-----------:-----------:-----------:-----------:----------:------------:--------:--------:

=================================================== INJECTION REPORT ========================================
:  WELL  :  LOCATION : CTRL : CTRL : CTRL :    OIL    :   WATER   :    GAS    :   FLUID   : BHP OR : THP OR :
:  NAME  :  (I,J,K)  : MODE : MODE : MODE :    RATE   :   RATE    :    RATE   :  RES.VOL. : CON.PR.: BLK.PR.:
:        :           : OIL  : WAT  : GAS  :  SCM/DAY  :  SCM/DAY  :  SCM/DAY  :  RCM/DAY  :  BARSA :  BARSA :
==============================================================================================================

:   FIELD:           :      :      :      :        0.0:       79.5:        0.0:       79.5:        :        : 
:--------:-----------:------:------:------:------------:----------:-----------:-----------:--------:--------: 

:       1:           :      :      :      :        0.0:       79.5:        0.0:       79.5:        :        : 
:--------:-----------:------:------:------:------------:----------:-----------:-----------:--------:--------: 

: INJECT2:   44,   24:      :      :  WRAT:        0.0:        0.0:        0.0:        0.0:     0.0:     0.0: 
:--------:-----------:------:------:------:------------:----------:-----------:-----------:--------:--------: 

: INJECT1:   17,   41:      :      :  WRAT:        0.0:       79.5:        0.0:       79.5:   398.8:     0.0: 
:--------:-----------:------:------:------:------------:----------:-----------:-----------:--------:--------: 

=================================================== CUMULATIVE PRODUCTION/INJECTION REPORT =========================================
:  WELL  :  LOCATION :  WELL  :CTRL:    OIL    :   WATER   :    GAS    :   Prod    :    OIL    :   WATER   :    GAS    :   INJ     :
:  NAME  :  (I,J,K)  :  TYPE  :MODE:    PROD   :   PROD    :    PROD   :  RES.VOL. :    INJ    :   INJ     :    INJ    :  RES.VOL. :
:        :           :        :    :    MSCM   :   MSCM    :    MMSCM  :   MRCM    :    MSCM   :   MSCM    :    MMSCM  :   MRCM    :
====================================================================================================================================

:   FIELD:           :        :    :        9.7:        0.0:        0.0:        9.7:        0.0:        9.6:        0.0:        9.6: 
:--------:-----------:--------:----:------------:----------:-----------:-----------:------------:----------:-----------:-----------: 

:       1:           :        :    :        9.7:        0.0:        0.0:        9.7:        0.0:        9.6:        0.0:        9.6: 
:--------:-----------:--------:----:------------:----------:-----------:-----------:------------:----------:-----------:-----------: 

:   PROD2:   23,   11:    PROD: BHP:        0.0:        0.0:        0.0:        0.0:        0.0:        0.0:        0.0:        0.0: 
:--------:-----------:--------:----:------------:----------:-----------:-----------:------------:----------:-----------:-----------: 

: INJECT2:   44,   24:     INJ:WRAT:        0.0:        0.0:        0.0:        0.0:        0.0:        0.0:        0.0:        0.0: 
:--------:-----------:--------:----:------------:----------:-----------:-----------:------------:----------:-----------:-----------: 

:   PROD1:   37,   24:    PROD: BHP:        9.7:        0.0:        0.0:        9.7:        0.0:        0.0:        0.0:        0.0: 
:--------:-----------:--------:----:------------:----------:-----------:-----------:------------:----------:-----------:-----------: 

: INJECT1:   17,   41:     INJ:WRAT:        0.0:        0.0:        0.0:        0.0:        0.0:        9.6:        0.0:        9.6: 
:--------:-----------:--------:----:------------:----------:-----------:-----------:------------:----------:-----------:-----------: 

 Newton its= 6, linearizations= 7 (0.1sec), linear its= 92 (0.3sec)

                              **************************************************************************
  Balance  at       121  Days *                           VEM                                          *
  Report    4    01 May 2020  *                                             Flow  version     2023.10  *
                              **************************************************************************


Report step  4/12 at day 121/366, date = 01-May-2020

Starting time step 0, stepsize 31 days, at day 121/152, date = 01-May-2020

Field total pressure dependent pore volume = 949914 RM3

                                                  ===================================================
                                                  :                   Field Totals                  :
                                                  :      PAV  =           398 BARSA                 :
                                                  :      PORV =        949914   RM3                 :
                                                  : Pressure is weighted by hydrocarbon pore volume :
                                                  : Porv volumes are taken at reference conditions  :
                         :--------------- Oil    SM3 ---------------:-- Wat    SM3 --:--------------- Gas    SM3 ---------------:
                         :      Liquid        Vapour        Total   :      Total     :      Free        Dissolved       Total   :
:------------------------:------------------------------------------:----------------:------------------------------------------:
:Currently   in place    :        842818             0        842818:       107077   :             0             0             0:
:------------------------:------------------------------------------:----------------:------------------------------------------:
:Originally  in place    :             0             0             0:            0   :             0             0             0:
:========================:==========================================:================:==========================================:


FIPNUM report region 1 pressure dependent pore volume = 949914 RM3

                                                  ===================================================
                                                  :        FIPNUM report region   1                 :
                                                  :      PAV  =           398 BARSA                 :
                                                  :      PORV =        949914   RM3                 :
                         :--------------- Oil    SM3 ---------------:-- Wat    SM3 --:--------------- Gas    SM3 ---------------:
                         :      Liquid        Vapour        Total   :      Total     :      Free        Dissolved       Total   :
:------------------------:------------------------------------------:----------------:------------------------------------------:
:Currently   in place    :        842818             0        842818:       107077   :             0             0             0:
:------------------------:------------------------------------------:----------------:------------------------------------------:
:Originally  in place    :             0             0             0:            0   :             0             0             0:
:========================:==========================================:================:==========================================:

                                                     ===================================
                                                     :  RESERVOIR VOLUMES      M3      :
:---------:---------------:---------------:---------------:---------------:---------------:
: REGION  :  TOTAL PORE   :  PORE VOLUME  :  PORE VOLUME  : PORE VOLUME   :  PORE VOLUME  :
:         :   VOLUME      :  CONTAINING   :  CONTAINING   : CONTAINING    :  CONTAINING   :
:         :               :     OIL       :    WATER      :    GAS        :  HYDRO-CARBON :
:---------:---------------:---------------:---------------:---------------:---------------

:        1:         949914:         842835:         107079:              0:         842835:
:---------:---------------:---------------:---------------:---------------:---------------:

======================================================= PRODUCTION REPORT =======================================================
:  WELL  :  LOCATION :CTRL:    OIL    :   WATER   :    GAS    :   FLUID   :   WATER   : GAS/OIL  :  WAT/GAS   : BHP OR : THP OR :
:  NAME  :  (I,J,K)  :MODE:    RATE   :   RATE    :    RATE   :  RES.VOL. :    CUT    :  RATIO   :   RATIO    : CON.PR.: BLK.PR.:
:        :           :    :  SCM/DAY  :  SCM/DAY  :  SCM/DAY  :  RCM/DAY  :  SCM/SCM  :  SCM/SCM :  SCM/SCM   :  BARSA :  BARSA :
=================================================================================================================================

:   FIELD:           :    :       79.5:       -0.0:       -0.0:       79.5:     -0.000:     -0.00:      0.0000:        :        : 
:--------:-----------:----:-----------:-----------:-----------:-----------:-----------:----------:------------:--------:--------:

:       1:           :    :       79.5:       -0.0:       -0.0:       79.5:     -0.000:     -0.00:      0.0000:        :        : 
:--------:-----------:----:-----------:-----------:-----------:-----------:-----------:----------:------------:--------:--------:

:   PROD2:   23,   11: BHP:       -0.0:       -0.0:       -0.0:       -0.0:      0.000:      0.00:      0.0000:     0.0:     0.0: 
:--------:-----------:----:-----------:-----------:-----------:-----------:-----------:----------:------------:--------:--------:

:   PROD1:   37,   24: BHP:       79.5:       -0.0:       -0.0:       79.5:     -0.000:     -0.00:      0.0000:   395.0:     0.0: 
:--------:-----------:----:-----------:-----------:-----------:-----------:-----------:----------:------------:--------:--------:

=================================================== INJECTION REPORT ========================================
:  WELL  :  LOCATION : CTRL : CTRL : CTRL :    OIL    :   WATER   :    GAS    :   FLUID   : BHP OR : THP OR :
:  NAME  :  (I,J,K)  : MODE : MODE : MODE :    RATE   :   RATE    :    RATE   :  RES.VOL. : CON.PR.: BLK.PR.:
:        :           : OIL  : WAT  : GAS  :  SCM/DAY  :  SCM/DAY  :  SCM/DAY  :  RCM/DAY  :  BARSA :  BARSA :
==============================================================================================================

:   FIELD:           :      :      :      :        0.0:       79.5:        0.0:       79.5:        :        : 
:--------:-----------:------:------:------:------------:----------:-----------:-----------:--------:--------: 

:       1:           :      :      :      :        0.0:       79.5:        0.0:       79.5:        :        : 
:--------:-----------:------:------:------:------------:----------:-----------:-----------:--------:--------: 

: INJECT2:   44,   24:      :      :  WRAT:        0.0:        0.0:        0.0:        0.0:     0.0:     0.0: 
:--------:-----------:------:------:------:------------:----------:-----------:-----------:--------:--------: 

: INJECT1:   17,   41:      :      :  WRAT:        0.0:       79.5:        0.0:       79.5:   398.8:     0.0: 
:--------:-----------:------:------:------:------------:----------:-----------:-----------:--------:--------: 

=================================================== CUMULATIVE PRODUCTION/INJECTION REPORT =========================================
:  WELL  :  LOCATION :  WELL  :CTRL:    OIL    :   WATER   :    GAS    :   Prod    :    OIL    :   WATER   :    GAS    :   INJ     :
:  NAME  :  (I,J,K)  :  TYPE  :MODE:    PROD   :   PROD    :    PROD   :  RES.VOL. :    INJ    :   INJ     :    INJ    :  RES.VOL. :
:        :           :        :    :    MSCM   :   MSCM    :    MMSCM  :   MRCM    :    MSCM   :   MSCM    :    MMSCM  :   MRCM    :
====================================================================================================================================

:   FIELD:           :        :    :       12.1:        0.0:        0.0:       12.1:        0.0:       12.1:        0.0:       12.1: 
:--------:-----------:--------:----:------------:----------:-----------:-----------:------------:----------:-----------:-----------: 

:       1:           :        :    :       12.1:        0.0:        0.0:       12.1:        0.0:       12.1:        0.0:       12.1: 
:--------:-----------:--------:----:------------:----------:-----------:-----------:------------:----------:-----------:-----------: 

:   PROD2:   23,   11:    PROD: BHP:        0.0:        0.0:        0.0:        0.0:        0.0:        0.0:        0.0:        0.0: 
:--------:-----------:--------:----:------------:----------:-----------:-----------:------------:----------:-----------:-----------: 

: INJECT2:   44,   24:     INJ:WRAT:        0.0:        0.0:        0.0:        0.0:        0.0:        0.0:        0.0:        0.0: 
:--------:-----------:--------:----:------------:----------:-----------:-----------:------------:----------:-----------:-----------: 

:   PROD1:   37,   24:    PROD: BHP:       12.1:        0.0:        0.0:       12.1:        0.0:        0.0:        0.0:        0.0: 
:--------:-----------:--------:----:------------:----------:-----------:-----------:------------:----------:-----------:-----------: 

: INJECT1:   17,   41:     INJ:WRAT:        0.0:        0.0:        0.0:        0.0:        0.0:       12.1:        0.0:       12.1: 
:--------:-----------:--------:----:------------:----------:-----------:-----------:------------:----------:-----------:-----------: 

 Newton its= 5, linearizations= 6 (0.1sec), linear its= 60 (0.2sec)

                              **************************************************************************
  Balance  at       152  Days *                           VEM                                          *
  Report    5    01 Jun 2020  *                                             Flow  version     2023.10  *
                              **************************************************************************


Report step  5/12 at day 152/366, date = 01-Jun-2020

Starting time step 0, stepsize 30 days, at day 152/182, date = 01-Jun-2020

Field total pressure dependent pore volume = 949914 RM3

                                                  ===================================================
                                                  :                   Field Totals                  :
                                                  :      PAV  =           398 BARSA                 :
                                                  :      PORV =        949914   RM3                 :
                                                  : Pressure is weighted by hydrocarbon pore volume :
                                                  : Porv volumes are taken at reference conditions  :
                         :--------------- Oil    SM3 ---------------:-- Wat    SM3 --:--------------- Gas    SM3 ---------------:
                         :      Liquid        Vapour        Total   :      Total     :      Free        Dissolved       Total   :
:------------------------:------------------------------------------:----------------:------------------------------------------:
:Currently   in place    :        840433             0        840433:       109462   :             0             0             0:
:------------------------:------------------------------------------:----------------:------------------------------------------:
:Originally  in place    :             0             0             0:            0   :             0             0             0:
:========================:==========================================:================:==========================================:


FIPNUM report region 1 pressure dependent pore volume = 949914 RM3

                                                  ===================================================
                                                  :        FIPNUM report region   1                 :
                                                  :      PAV  =           398 BARSA                 :
                                                  :      PORV =        949914   RM3                 :
                         :--------------- Oil    SM3 ---------------:-- Wat    SM3 --:--------------- Gas    SM3 ---------------:
                         :      Liquid        Vapour        Total   :      Total     :      Free        Dissolved       Total   :
:------------------------:------------------------------------------:----------------:------------------------------------------:
:Currently   in place    :        840433             0        840433:       109462   :             0             0             0:
:------------------------:------------------------------------------:----------------:------------------------------------------:
:Originally  in place    :             0             0             0:            0   :             0             0             0:
:========================:==========================================:================:==========================================:

                                                     ===================================
                                                     :  RESERVOIR VOLUMES      M3      :
:---------:---------------:---------------:---------------:---------------:---------------:
: REGION  :  TOTAL PORE   :  PORE VOLUME  :  PORE VOLUME  : PORE VOLUME   :  PORE VOLUME  :
:         :   VOLUME      :  CONTAINING   :  CONTAINING   : CONTAINING    :  CONTAINING   :
:         :               :     OIL       :    WATER      :    GAS        :  HYDRO-CARBON :
:---------:---------------:---------------:---------------:---------------:---------------

:        1:         949914:         840450:         109464:              0:         840450:
:---------:---------------:---------------:---------------:---------------:---------------:

======================================================= PRODUCTION REPORT =======================================================
:  WELL  :  LOCATION :CTRL:    OIL    :   WATER   :    GAS    :   FLUID   :   WATER   : GAS/OIL  :  WAT/GAS   : BHP OR : THP OR :
:  NAME  :  (I,J,K)  :MODE:    RATE   :   RATE    :    RATE   :  RES.VOL. :    CUT    :  RATIO   :   RATIO    : CON.PR.: BLK.PR.:
:        :           :    :  SCM/DAY  :  SCM/DAY  :  SCM/DAY  :  RCM/DAY  :  SCM/SCM  :  SCM/SCM :  SCM/SCM   :  BARSA :  BARSA :
=================================================================================================================================

:   FIELD:           :    :       79.5:       -0.0:       -0.0:       79.5:     -0.000:     -0.00:      0.0000:        :        : 
:--------:-----------:----:-----------:-----------:-----------:-----------:-----------:----------:------------:--------:--------:

:       1:           :    :       79.5:       -0.0:       -0.0:       79.5:     -0.000:     -0.00:      0.0000:        :        : 
:--------:-----------:----:-----------:-----------:-----------:-----------:-----------:----------:------------:--------:--------:

:   PROD2:   23,   11: BHP:       -0.0:       -0.0:       -0.0:       -0.0:      0.000:      0.00:      0.0000:     0.0:     0.0: 
:--------:-----------:----:-----------:-----------:-----------:-----------:-----------:----------:------------:--------:--------:

:   PROD1:   37,   24: BHP:       79.5:       -0.0:       -0.0:       79.5:     -0.000:     -0.00:      0.0000:   395.0:     0.0: 
:--------:-----------:----:-----------:-----------:-----------:-----------:-----------:----------:------------:--------:--------:

=================================================== INJECTION REPORT ========================================
:  WELL  :  LOCATION : CTRL : CTRL : CTRL :    OIL    :   WATER   :    GAS    :   FLUID   : BHP OR : THP OR :
:  NAME  :  (I,J,K)  : MODE : MODE : MODE :    RATE   :   RATE    :    RATE   :  RES.VOL. : CON.PR.: BLK.PR.:
:        :           : OIL  : WAT  : GAS  :  SCM/DAY  :  SCM/DAY  :  SCM/DAY  :  RCM/DAY  :  BARSA :  BARSA :
==============================================================================================================

:   FIELD:           :      :      :      :        0.0:       79.5:        0.0:       79.5:        :        : 
:--------:-----------:------:------:------:------------:----------:-----------:-----------:--------:--------: 

:       1:           :      :      :      :        0.0:       79.5:        0.0:       79.5:        :        : 
:--------:-----------:------:------:------:------------:----------:-----------:-----------:--------:--------: 

: INJECT2:   44,   24:      :      :  WRAT:        0.0:        0.0:        0.0:        0.0:     0.0:     0.0: 
:--------:-----------:------:------:------:------------:----------:-----------:-----------:--------:--------: 

: INJECT1:   17,   41:      :      :  WRAT:        0.0:       79.5:        0.0:       79.5:   398.7:     0.0: 
:--------:-----------:------:------:------:------------:----------:-----------:-----------:--------:--------: 

=================================================== CUMULATIVE PRODUCTION/INJECTION REPORT =========================================
:  WELL  :  LOCATION :  WELL  :CTRL:    OIL    :   WATER   :    GAS    :   Prod    :    OIL    :   WATER   :    GAS    :   INJ     :
:  NAME  :  (I,J,K)  :  TYPE  :MODE:    PROD   :   PROD    :    PROD   :  RES.VOL. :    INJ    :   INJ     :    INJ    :  RES.VOL. :
:        :           :        :    :    MSCM   :   MSCM    :    MMSCM  :   MRCM    :    MSCM   :   MSCM    :    MMSCM  :   MRCM    :
====================================================================================================================================

:   FIELD:           :        :    :       14.5:        0.0:        0.0:       14.5:        0.0:       14.5:        0.0:       14.5: 
:--------:-----------:--------:----:------------:----------:-----------:-----------:------------:----------:-----------:-----------: 

:       1:           :        :    :       14.5:        0.0:        0.0:       14.5:        0.0:       14.5:        0.0:       14.5: 
:--------:-----------:--------:----:------------:----------:-----------:-----------:------------:----------:-----------:-----------: 

:   PROD2:   23,   11:    PROD: BHP:        0.0:        0.0:        0.0:        0.0:        0.0:        0.0:        0.0:        0.0: 
:--------:-----------:--------:----:------------:----------:-----------:-----------:------------:----------:-----------:-----------: 

: INJECT2:   44,   24:     INJ:WRAT:        0.0:        0.0:        0.0:        0.0:        0.0:        0.0:        0.0:        0.0: 
:--------:-----------:--------:----:------------:----------:-----------:-----------:------------:----------:-----------:-----------: 

:   PROD1:   37,   24:    PROD: BHP:       14.5:        0.0:        0.0:       14.5:        0.0:        0.0:        0.0:        0.0: 
:--------:-----------:--------:----:------------:----------:-----------:-----------:------------:----------:-----------:-----------: 

: INJECT1:   17,   41:     INJ:WRAT:        0.0:        0.0:        0.0:        0.0:        0.0:       14.5:        0.0:       14.5: 
:--------:-----------:--------:----:------------:----------:-----------:-----------:------------:----------:-----------:-----------: 

 Newton its= 5, linearizations= 6 (0.1sec), linear its= 67 (0.2sec)

                              **************************************************************************
  Balance  at       182  Days *                           VEM                                          *
  Report    6    01 Jul 2020  *                                             Flow  version     2023.10  *
                              **************************************************************************


Report step  6/12 at day 182/366, date = 01-Jul-2020

Starting time step 0, stepsize 31 days, at day 182/213, date = 01-Jul-2020

Field total pressure dependent pore volume = 949914 RM3

                                                  ===================================================
                                                  :                   Field Totals                  :
                                                  :      PAV  =           398 BARSA                 :
                                                  :      PORV =        949914   RM3                 :
                                                  : Pressure is weighted by hydrocarbon pore volume :
                                                  : Porv volumes are taken at reference conditions  :
                         :--------------- Oil    SM3 ---------------:-- Wat    SM3 --:--------------- Gas    SM3 ---------------:
                         :      Liquid        Vapour        Total   :      Total     :      Free        Dissolved       Total   :
:------------------------:------------------------------------------:----------------:------------------------------------------:
:Currently   in place    :        835506             0        835506:       114391   :             0             0             0:
:------------------------:------------------------------------------:----------------:------------------------------------------:
:Originally  in place    :             0             0             0:            0   :             0             0             0:
:========================:==========================================:================:==========================================:


FIPNUM report region 1 pressure dependent pore volume = 949914 RM3

                                                  ===================================================
                                                  :        FIPNUM report region   1                 :
                                                  :      PAV  =           398 BARSA                 :
                                                  :      PORV =        949914   RM3                 :
                         :--------------- Oil    SM3 ---------------:-- Wat    SM3 --:--------------- Gas    SM3 ---------------:
                         :      Liquid        Vapour        Total   :      Total     :      Free        Dissolved       Total   :
:------------------------:------------------------------------------:----------------:------------------------------------------:
:Currently   in place    :        835506             0        835506:       114391   :             0             0             0:
:------------------------:------------------------------------------:----------------:------------------------------------------:
:Originally  in place    :             0             0             0:            0   :             0             0             0:
:========================:==========================================:================:==========================================:

                                                     ===================================
                                                     :  RESERVOIR VOLUMES      M3      :
:---------:---------------:---------------:---------------:---------------:---------------:
: REGION  :  TOTAL PORE   :  PORE VOLUME  :  PORE VOLUME  : PORE VOLUME   :  PORE VOLUME  :
:         :   VOLUME      :  CONTAINING   :  CONTAINING   : CONTAINING    :  CONTAINING   :
:         :               :     OIL       :    WATER      :    GAS        :  HYDRO-CARBON :
:---------:---------------:---------------:---------------:---------------:---------------

:        1:         949914:         835521:         114392:              0:         835521:
:---------:---------------:---------------:---------------:---------------:---------------:

======================================================= PRODUCTION REPORT =======================================================
:  WELL  :  LOCATION :CTRL:    OIL    :   WATER   :    GAS    :   FLUID   :   WATER   : GAS/OIL  :  WAT/GAS   : BHP OR : THP OR :
:  NAME  :  (I,J,K)  :MODE:    RATE   :   RATE    :    RATE   :  RES.VOL. :    CUT    :  RATIO   :   RATIO    : CON.PR.: BLK.PR.:
:        :           :    :  SCM/DAY  :  SCM/DAY  :  SCM/DAY  :  RCM/DAY  :  SCM/SCM  :  SCM/SCM :  SCM/SCM   :  BARSA :  BARSA :
=================================================================================================================================

:   FIELD:           :    :      158.9:        0.0:       -0.0:      158.9:      0.000:     -0.00:        -inf:        :        : 
:--------:-----------:----:-----------:-----------:-----------:-----------:-----------:----------:------------:--------:--------:

:       1:           :    :      158.9:        0.0:       -0.0:      158.9:      0.000:     -0.00:        -inf:        :        : 
:--------:-----------:----:-----------:-----------:-----------:-----------:-----------:----------:------------:--------:--------:

:   PROD2:   23,   11: BHP:       46.8:        0.0:       -0.0:       46.8:      0.000:     -0.00:        -inf:   395.0:     0.0: 
:--------:-----------:----:-----------:-----------:-----------:-----------:-----------:----------:------------:--------:--------:

:   PROD1:   37,   24: BHP:      112.1:       -0.0:       -0.0:      112.1:     -0.000:     -0.00:      0.0000:   395.0:     0.0: 
:--------:-----------:----:-----------:-----------:-----------:-----------:-----------:----------:------------:--------:--------:

=================================================== INJECTION REPORT ========================================
:  WELL  :  LOCATION : CTRL : CTRL : CTRL :    OIL    :   WATER   :    GAS    :   FLUID   : BHP OR : THP OR :
:  NAME  :  (I,J,K)  : MODE : MODE : MODE :    RATE   :   RATE    :    RATE   :  RES.VOL. : CON.PR.: BLK.PR.:
:        :           : OIL  : WAT  : GAS  :  SCM/DAY  :  SCM/DAY  :  SCM/DAY  :  RCM/DAY  :  BARSA :  BARSA :
==============================================================================================================

:   FIELD:           :      :      :      :        0.0:      159.0:        0.0:      159.0:        :        : 
:--------:-----------:------:------:------:------------:----------:-----------:-----------:--------:--------: 

:       1:           :      :      :      :        0.0:      159.0:        0.0:      159.0:        :        : 
:--------:-----------:------:------:------:------------:----------:-----------:-----------:--------:--------: 

: INJECT2:   44,   24:      :      :  WRAT:        0.0:       79.5:        0.0:       79.5:   399.0:     0.0: 
:--------:-----------:------:------:------:------------:----------:-----------:-----------:--------:--------: 

: INJECT1:   17,   41:      :      :  WRAT:        0.0:       79.5:        0.0:       79.5:   398.8:     0.0: 
:--------:-----------:------:------:------:------------:----------:-----------:-----------:--------:--------: 

=================================================== CUMULATIVE PRODUCTION/INJECTION REPORT =========================================
:  WELL  :  LOCATION :  WELL  :CTRL:    OIL    :   WATER   :    GAS    :   Prod    :    OIL    :   WATER   :    GAS    :   INJ     :
:  NAME  :  (I,J,K)  :  TYPE  :MODE:    PROD   :   PROD    :    PROD   :  RES.VOL. :    INJ    :   INJ     :    INJ    :  RES.VOL. :
:        :           :        :    :    MSCM   :   MSCM    :    MMSCM  :   MRCM    :    MSCM   :   MSCM    :    MMSCM  :   MRCM    :
====================================================================================================================================

:   FIELD:           :        :    :       19.4:        0.0:        0.0:       19.4:        0.0:       19.4:        0.0:       19.4: 
:--------:-----------:--------:----:------------:----------:-----------:-----------:------------:----------:-----------:-----------: 

:       1:           :        :    :       19.4:        0.0:        0.0:       19.4:        0.0:       19.4:        0.0:       19.4: 
:--------:-----------:--------:----:------------:----------:-----------:-----------:------------:----------:-----------:-----------: 

:   PROD2:   23,   11:    PROD: BHP:        1.4:        0.0:        0.0:        1.5:        0.0:        0.0:        0.0:        0.0: 
:--------:-----------:--------:----:------------:----------:-----------:-----------:------------:----------:-----------:-----------: 

: INJECT2:   44,   24:     INJ:WRAT:        0.0:        0.0:        0.0:        0.0:        0.0:        2.5:        0.0:        2.5: 
:--------:-----------:--------:----:------------:----------:-----------:-----------:------------:----------:-----------:-----------: 

:   PROD1:   37,   24:    PROD: BHP:       18.0:        0.0:        0.0:       18.0:        0.0:        0.0:        0.0:        0.0: 
:--------:-----------:--------:----:------------:----------:-----------:-----------:------------:----------:-----------:-----------: 

: INJECT1:   17,   41:     INJ:WRAT:        0.0:        0.0:        0.0:        0.0:        0.0:       16.9:        0.0:       16.9: 
:--------:-----------:--------:----:------------:----------:-----------:-----------:------------:----------:-----------:-----------: 

 Newton its=10, linearizations=11 (0.1sec), linear its=140 (0.4sec)

                              **************************************************************************
  Balance  at       213  Days *                           VEM                                          *
  Report    7    01 Aug 2020  *                                             Flow  version     2023.10  *
                              **************************************************************************


Report step  7/12 at day 213/366, date = 01-Aug-2020

Starting time step 0, stepsize 15.5 days, at day 213/244, date = 01-Aug-2020
 Newton its= 5, linearizations= 6 (0.1sec), linear its= 60 (0.2sec)

Starting time step 1, stepsize 15.5 days, at day 228.5/244, date = 16-Aug-2020

Field total pressure dependent pore volume = 949914 RM3

                                                  ===================================================
                                                  :                   Field Totals                  :
                                                  :      PAV  =           398 BARSA                 :
                                                  :      PORV =        949914   RM3                 :
                                                  : Pressure is weighted by hydrocarbon pore volume :
                                                  : Porv volumes are taken at reference conditions  :
                         :--------------- Oil    SM3 ---------------:-- Wat    SM3 --:--------------- Gas    SM3 ---------------:
                         :      Liquid        Vapour        Total   :      Total     :      Free        Dissolved       Total   :
:------------------------:------------------------------------------:----------------:------------------------------------------:
:Currently   in place    :        830577             0        830577:       119320   :             0             0             0:
:------------------------:------------------------------------------:----------------:------------------------------------------:
:Originally  in place    :             0             0             0:            0   :             0             0             0:
:========================:==========================================:================:==========================================:


FIPNUM report region 1 pressure dependent pore volume = 949914 RM3

                                                  ===================================================
                                                  :        FIPNUM report region   1                 :
                                                  :      PAV  =           398 BARSA                 :
                                                  :      PORV =        949914   RM3                 :
                         :--------------- Oil    SM3 ---------------:-- Wat    SM3 --:--------------- Gas    SM3 ---------------:
                         :      Liquid        Vapour        Total   :      Total     :      Free        Dissolved       Total   :
:------------------------:------------------------------------------:----------------:------------------------------------------:
:Currently   in place    :        830577             0        830577:       119320   :             0             0             0:
:------------------------:------------------------------------------:----------------:------------------------------------------:
:Originally  in place    :             0             0             0:            0   :             0             0             0:
:========================:==========================================:================:==========================================:

                                                     ===================================
                                                     :  RESERVOIR VOLUMES      M3      :
:---------:---------------:---------------:---------------:---------------:---------------:
: REGION  :  TOTAL PORE   :  PORE VOLUME  :  PORE VOLUME  : PORE VOLUME   :  PORE VOLUME  :
:         :   VOLUME      :  CONTAINING   :  CONTAINING   : CONTAINING    :  CONTAINING   :
:         :               :     OIL       :    WATER      :    GAS        :  HYDRO-CARBON :
:---------:---------------:---------------:---------------:---------------:---------------

:        1:         949914:         830592:         119322:              0:         830592:
:---------:---------------:---------------:---------------:---------------:---------------:

======================================================= PRODUCTION REPORT =======================================================
:  WELL  :  LOCATION :CTRL:    OIL    :   WATER   :    GAS    :   FLUID   :   WATER   : GAS/OIL  :  WAT/GAS   : BHP OR : THP OR :
:  NAME  :  (I,J,K)  :MODE:    RATE   :   RATE    :    RATE   :  RES.VOL. :    CUT    :  RATIO   :   RATIO    : CON.PR.: BLK.PR.:
:        :           :    :  SCM/DAY  :  SCM/DAY  :  SCM/DAY  :  RCM/DAY  :  SCM/SCM  :  SCM/SCM :  SCM/SCM   :  BARSA :  BARSA :
=================================================================================================================================

:   FIELD:           :    :      159.0:       -0.0:       -0.0:      159.0:     -0.000:     -0.00:      0.0000:        :        : 
:--------:-----------:----:-----------:-----------:-----------:-----------:-----------:----------:------------:--------:--------:

:       1:           :    :      159.0:       -0.0:       -0.0:      159.0:     -0.000:     -0.00:      0.0000:        :        : 
:--------:-----------:----:-----------:-----------:-----------:-----------:-----------:----------:------------:--------:--------:

:   PROD2:   23,   11: BHP:       47.2:       -0.0:       -0.0:       47.2:     -0.000:     -0.00:      0.0000:   395.0:     0.0: 
:--------:-----------:----:-----------:-----------:-----------:-----------:-----------:----------:------------:--------:--------:

:   PROD1:   37,   24: BHP:      111.8:       -0.0:       -0.0:      111.8:     -0.000:     -0.00:      0.0000:   395.0:     0.0: 
:--------:-----------:----:-----------:-----------:-----------:-----------:-----------:----------:------------:--------:--------:

=================================================== INJECTION REPORT ========================================
:  WELL  :  LOCATION : CTRL : CTRL : CTRL :    OIL    :   WATER   :    GAS    :   FLUID   : BHP OR : THP OR :
:  NAME  :  (I,J,K)  : MODE : MODE : MODE :    RATE   :   RATE    :    RATE   :  RES.VOL. : CON.PR.: BLK.PR.:
:        :           : OIL  : WAT  : GAS  :  SCM/DAY  :  SCM/DAY  :  SCM/DAY  :  RCM/DAY  :  BARSA :  BARSA :
==============================================================================================================

:   FIELD:           :      :      :      :        0.0:      159.0:        0.0:      159.0:        :        : 
:--------:-----------:------:------:------:------------:----------:-----------:-----------:--------:--------: 

:       1:           :      :      :      :        0.0:      159.0:        0.0:      159.0:        :        : 
:--------:-----------:------:------:------:------------:----------:-----------:-----------:--------:--------: 

: INJECT2:   44,   24:      :      :  WRAT:        0.0:       79.5:        0.0:       79.5:   398.3:     0.0: 
:--------:-----------:------:------:------:------------:----------:-----------:-----------:--------:--------: 

: INJECT1:   17,   41:      :      :  WRAT:        0.0:       79.5:        0.0:       79.5:   398.8:     0.0: 
:--------:-----------:------:------:------:------------:----------:-----------:-----------:--------:--------: 

=================================================== CUMULATIVE PRODUCTION/INJECTION REPORT =========================================
:  WELL  :  LOCATION :  WELL  :CTRL:    OIL    :   WATER   :    GAS    :   Prod    :    OIL    :   WATER   :    GAS    :   INJ     :
:  NAME  :  (I,J,K)  :  TYPE  :MODE:    PROD   :   PROD    :    PROD   :  RES.VOL. :    INJ    :   INJ     :    INJ    :  RES.VOL. :
:        :           :        :    :    MSCM   :   MSCM    :    MMSCM  :   MRCM    :    MSCM   :   MSCM    :    MMSCM  :   MRCM    :
====================================================================================================================================

:   FIELD:           :        :    :       24.4:        0.0:        0.0:       24.4:        0.0:       24.3:        0.0:       24.3: 
:--------:-----------:--------:----:------------:----------:-----------:-----------:------------:----------:-----------:-----------: 

:       1:           :        :    :       24.4:        0.0:        0.0:       24.4:        0.0:       24.3:        0.0:       24.3: 
:--------:-----------:--------:----:------------:----------:-----------:-----------:------------:----------:-----------:-----------: 

:   PROD2:   23,   11:    PROD: BHP:        2.9:        0.0:        0.0:        2.9:        0.0:        0.0:        0.0:        0.0: 
:--------:-----------:--------:----:------------:----------:-----------:-----------:------------:----------:-----------:-----------: 

: INJECT2:   44,   24:     INJ:WRAT:        0.0:        0.0:        0.0:        0.0:        0.0:        4.9:        0.0:        4.9: 
:--------:-----------:--------:----:------------:----------:-----------:-----------:------------:----------:-----------:-----------: 

:   PROD1:   37,   24:    PROD: BHP:       21.5:        0.0:        0.0:       21.5:        0.0:        0.0:        0.0:        0.0: 
:--------:-----------:--------:----:------------:----------:-----------:-----------:------------:----------:-----------:-----------: 

: INJECT1:   17,   41:     INJ:WRAT:        0.0:        0.0:        0.0:        0.0:        0.0:       19.4:        0.0:       19.4: 
:--------:-----------:--------:----:------------:----------:-----------:-----------:------------:----------:-----------:-----------: 

 Newton its= 5, linearizations= 6 (0.1sec), linear its= 79 (0.2sec)

                              **************************************************************************
  Balance  at       244  Days *                           VEM                                          *
  Report    8    01 Sep 2020  *                                             Flow  version     2023.10  *
                              **************************************************************************


Report step  8/12 at day 244/366, date = 01-Sep-2020

Starting time step 0, stepsize 30 days, at day 244/274, date = 01-Sep-2020

Field total pressure dependent pore volume = 949914 RM3

                                                  ===================================================
                                                  :                   Field Totals                  :
                                                  :      PAV  =           398 BARSA                 :
                                                  :      PORV =        949914   RM3                 :
                                                  : Pressure is weighted by hydrocarbon pore volume :
                                                  : Porv volumes are taken at reference conditions  :
                         :--------------- Oil    SM3 ---------------:-- Wat    SM3 --:--------------- Gas    SM3 ---------------:
                         :      Liquid        Vapour        Total   :      Total     :      Free        Dissolved       Total   :
:------------------------:------------------------------------------:----------------:------------------------------------------:
:Currently   in place    :        825808             0        825808:       124090   :             0             0             0:
:------------------------:------------------------------------------:----------------:------------------------------------------:
:Originally  in place    :             0             0             0:            0   :             0             0             0:
:========================:==========================================:================:==========================================:


FIPNUM report region 1 pressure dependent pore volume = 949914 RM3

                                                  ===================================================
                                                  :        FIPNUM report region   1                 :
                                                  :      PAV  =           398 BARSA                 :
                                                  :      PORV =        949914   RM3                 :
                         :--------------- Oil    SM3 ---------------:-- Wat    SM3 --:--------------- Gas    SM3 ---------------:
                         :      Liquid        Vapour        Total   :      Total     :      Free        Dissolved       Total   :
:------------------------:------------------------------------------:----------------:------------------------------------------:
:Currently   in place    :        825808             0        825808:       124090   :             0             0             0:
:------------------------:------------------------------------------:----------------:------------------------------------------:
:Originally  in place    :             0             0             0:            0   :             0             0             0:
:========================:==========================================:================:==========================================:

                                                     ===================================
                                                     :  RESERVOIR VOLUMES      M3      :
:---------:---------------:---------------:---------------:---------------:---------------:
: REGION  :  TOTAL PORE   :  PORE VOLUME  :  PORE VOLUME  : PORE VOLUME   :  PORE VOLUME  :
:         :   VOLUME      :  CONTAINING   :  CONTAINING   : CONTAINING    :  CONTAINING   :
:         :               :     OIL       :    WATER      :    GAS        :  HYDRO-CARBON :
:---------:---------------:---------------:---------------:---------------:---------------

:        1:         949914:         825822:         124092:              0:         825822:
:---------:---------------:---------------:---------------:---------------:---------------:

======================================================= PRODUCTION REPORT =======================================================
:  WELL  :  LOCATION :CTRL:    OIL    :   WATER   :    GAS    :   FLUID   :   WATER   : GAS/OIL  :  WAT/GAS   : BHP OR : THP OR :
:  NAME  :  (I,J,K)  :MODE:    RATE   :   RATE    :    RATE   :  RES.VOL. :    CUT    :  RATIO   :   RATIO    : CON.PR.: BLK.PR.:
:        :           :    :  SCM/DAY  :  SCM/DAY  :  SCM/DAY  :  RCM/DAY  :  SCM/SCM  :  SCM/SCM :  SCM/SCM   :  BARSA :  BARSA :
=================================================================================================================================

:   FIELD:           :    :      159.0:       -0.0:       -0.0:      159.0:     -0.000:     -0.00:      0.0000:        :        : 
:--------:-----------:----:-----------:-----------:-----------:-----------:-----------:----------:------------:--------:--------:

:       1:           :    :      159.0:       -0.0:       -0.0:      159.0:     -0.000:     -0.00:      0.0000:        :        : 
:--------:-----------:----:-----------:-----------:-----------:-----------:-----------:----------:------------:--------:--------:

:   PROD2:   23,   11: BHP:       48.3:       -0.0:       -0.0:       48.3:     -0.000:     -0.00:      0.0000:   395.0:     0.0: 
:--------:-----------:----:-----------:-----------:-----------:-----------:-----------:----------:------------:--------:--------:

:   PROD1:   37,   24: BHP:      110.6:       -0.0:       -0.0:      110.6:     -0.000:     -0.00:      0.0000:   395.0:     0.0: 
:--------:-----------:----:-----------:-----------:-----------:-----------:-----------:----------:------------:--------:--------:

=================================================== INJECTION REPORT ========================================
:  WELL  :  LOCATION : CTRL : CTRL : CTRL :    OIL    :   WATER   :    GAS    :   FLUID   : BHP OR : THP OR :
:  NAME  :  (I,J,K)  : MODE : MODE : MODE :    RATE   :   RATE    :    RATE   :  RES.VOL. : CON.PR.: BLK.PR.:
:        :           : OIL  : WAT  : GAS  :  SCM/DAY  :  SCM/DAY  :  SCM/DAY  :  RCM/DAY  :  BARSA :  BARSA :
==============================================================================================================

:   FIELD:           :      :      :      :        0.0:      159.0:        0.0:      159.0:        :        : 
:--------:-----------:------:------:------:------------:----------:-----------:-----------:--------:--------: 

:       1:           :      :      :      :        0.0:      159.0:        0.0:      159.0:        :        : 
:--------:-----------:------:------:------:------------:----------:-----------:-----------:--------:--------: 

: INJECT2:   44,   24:      :      :  WRAT:        0.0:       79.5:        0.0:       79.5:   398.2:     0.0: 
:--------:-----------:------:------:------:------------:----------:-----------:-----------:--------:--------: 

: INJECT1:   17,   41:      :      :  WRAT:        0.0:       79.5:        0.0:       79.5:   398.8:     0.0: 
:--------:-----------:------:------:------:------------:----------:-----------:-----------:--------:--------: 

=================================================== CUMULATIVE PRODUCTION/INJECTION REPORT =========================================
:  WELL  :  LOCATION :  WELL  :CTRL:    OIL    :   WATER   :    GAS    :   Prod    :    OIL    :   WATER   :    GAS    :   INJ     :
:  NAME  :  (I,J,K)  :  TYPE  :MODE:    PROD   :   PROD    :    PROD   :  RES.VOL. :    INJ    :   INJ     :    INJ    :  RES.VOL. :
:        :           :        :    :    MSCM   :   MSCM    :    MMSCM  :   MRCM    :    MSCM   :   MSCM    :    MMSCM  :   MRCM    :
====================================================================================================================================

:   FIELD:           :        :    :       29.1:        0.0:        0.0:       29.1:        0.0:       29.1:        0.0:       29.1: 
:--------:-----------:--------:----:------------:----------:-----------:-----------:------------:----------:-----------:-----------: 

:       1:           :        :    :       29.1:        0.0:        0.0:       29.1:        0.0:       29.1:        0.0:       29.1: 
:--------:-----------:--------:----:------------:----------:-----------:-----------:------------:----------:-----------:-----------: 

:   PROD2:   23,   11:    PROD: BHP:        4.4:        0.0:        0.0:        4.4:        0.0:        0.0:        0.0:        0.0: 
:--------:-----------:--------:----:------------:----------:-----------:-----------:------------:----------:-----------:-----------: 

: INJECT2:   44,   24:     INJ:WRAT:        0.0:        0.0:        0.0:        0.0:        0.0:        7.3:        0.0:        7.3: 
:--------:-----------:--------:----:------------:----------:-----------:-----------:------------:----------:-----------:-----------: 

:   PROD1:   37,   24:    PROD: BHP:       24.8:        0.0:        0.0:       24.8:        0.0:        0.0:        0.0:        0.0: 
:--------:-----------:--------:----:------------:----------:-----------:-----------:------------:----------:-----------:-----------: 

: INJECT1:   17,   41:     INJ:WRAT:        0.0:        0.0:        0.0:        0.0:        0.0:       21.8:        0.0:       21.8: 
:--------:-----------:--------:----:------------:----------:-----------:-----------:------------:----------:-----------:-----------: 

 Newton its= 7, linearizations= 8 (0.1sec), linear its=103 (0.3sec)

                              **************************************************************************
  Balance  at       274  Days *                           VEM                                          *
  Report    9    01 Oct 2020  *                                             Flow  version     2023.10  *
                              **************************************************************************


Report step  9/12 at day 274/366, date = 01-Oct-2020

Starting time step 0, stepsize 31 days, at day 274/305, date = 01-Oct-2020

Field total pressure dependent pore volume = 949914 RM3

                                                  ===================================================
                                                  :                   Field Totals                  :
                                                  :      PAV  =           399 BARSA                 :
                                                  :      PORV =        949914   RM3                 :
                                                  : Pressure is weighted by hydrocarbon pore volume :
                                                  : Porv volumes are taken at reference conditions  :
                         :--------------- Oil    SM3 ---------------:-- Wat    SM3 --:--------------- Gas    SM3 ---------------:
                         :      Liquid        Vapour        Total   :      Total     :      Free        Dissolved       Total   :
:------------------------:------------------------------------------:----------------:------------------------------------------:
:Currently   in place    :        820915             0        820915:       128985   :             0             0             0:
:------------------------:------------------------------------------:----------------:------------------------------------------:
:Originally  in place    :             0             0             0:            0   :             0             0             0:
:========================:==========================================:================:==========================================:


FIPNUM report region 1 pressure dependent pore volume = 949914 RM3

                                                  ===================================================
                                                  :        FIPNUM report region   1                 :
                                                  :      PAV  =           399 BARSA                 :
                                                  :      PORV =        949914   RM3                 :
                         :--------------- Oil    SM3 ---------------:-- Wat    SM3 --:--------------- Gas    SM3 ---------------:
                         :      Liquid        Vapour        Total   :      Total     :      Free        Dissolved       Total   :
:------------------------:------------------------------------------:----------------:------------------------------------------:
:Currently   in place    :        820915             0        820915:       128985   :             0             0             0:
:------------------------:------------------------------------------:----------------:------------------------------------------:
:Originally  in place    :             0             0             0:            0   :             0             0             0:
:========================:==========================================:================:==========================================:

                                                     ===================================
                                                     :  RESERVOIR VOLUMES      M3      :
:---------:---------------:---------------:---------------:---------------:---------------:
: REGION  :  TOTAL PORE   :  PORE VOLUME  :  PORE VOLUME  : PORE VOLUME   :  PORE VOLUME  :
:         :   VOLUME      :  CONTAINING   :  CONTAINING   : CONTAINING    :  CONTAINING   :
:         :               :     OIL       :    WATER      :    GAS        :  HYDRO-CARBON :
:---------:---------------:---------------:---------------:---------------:---------------

:        1:         949914:         820927:         128987:              0:         820927:
:---------:---------------:---------------:---------------:---------------:---------------:

======================================================= PRODUCTION REPORT =======================================================
:  WELL  :  LOCATION :CTRL:    OIL    :   WATER   :    GAS    :   FLUID   :   WATER   : GAS/OIL  :  WAT/GAS   : BHP OR : THP OR :
:  NAME  :  (I,J,K)  :MODE:    RATE   :   RATE    :    RATE   :  RES.VOL. :    CUT    :  RATIO   :   RATIO    : CON.PR.: BLK.PR.:
:        :           :    :  SCM/DAY  :  SCM/DAY  :  SCM/DAY  :  RCM/DAY  :  SCM/SCM  :  SCM/SCM :  SCM/SCM   :  BARSA :  BARSA :
=================================================================================================================================

:   FIELD:           :    :      157.9:        1.1:       -0.0:      158.9:      0.007:     -0.00:        -inf:        :        : 
:--------:-----------:----:-----------:-----------:-----------:-----------:-----------:----------:------------:--------:--------:

:       1:           :    :      157.9:        1.1:       -0.0:      158.9:      0.007:     -0.00:        -inf:        :        : 
:--------:-----------:----:-----------:-----------:-----------:-----------:-----------:----------:------------:--------:--------:

:   PROD2:   23,   11: BHP:       54.4:       -0.0:       -0.0:       54.4:     -0.000:     -0.00:      0.0000:   395.0:     0.0: 
:--------:-----------:----:-----------:-----------:-----------:-----------:-----------:----------:------------:--------:--------:

:   PROD1:   37,   24: BHP:      103.4:        1.1:       -0.0:      104.5:      0.010:     -0.00:        -inf:   395.0:     0.0: 
:--------:-----------:----:-----------:-----------:-----------:-----------:-----------:----------:------------:--------:--------:

=================================================== INJECTION REPORT ========================================
:  WELL  :  LOCATION : CTRL : CTRL : CTRL :    OIL    :   WATER   :    GAS    :   FLUID   : BHP OR : THP OR :
:  NAME  :  (I,J,K)  : MODE : MODE : MODE :    RATE   :   RATE    :    RATE   :  RES.VOL. : CON.PR.: BLK.PR.:
:        :           : OIL  : WAT  : GAS  :  SCM/DAY  :  SCM/DAY  :  SCM/DAY  :  RCM/DAY  :  BARSA :  BARSA :
==============================================================================================================

:   FIELD:           :      :      :      :        0.0:      159.0:        0.0:      159.0:        :        : 
:--------:-----------:------:------:------:------------:----------:-----------:-----------:--------:--------: 

:       1:           :      :      :      :        0.0:      159.0:        0.0:      159.0:        :        : 
:--------:-----------:------:------:------:------------:----------:-----------:-----------:--------:--------: 

: INJECT2:   44,   24:      :      :  WRAT:        0.0:       79.5:        0.0:       79.5:   398.5:     0.0: 
:--------:-----------:------:------:------:------------:----------:-----------:-----------:--------:--------: 

: INJECT1:   17,   41:      :      :  WRAT:        0.0:       79.5:        0.0:       79.5:   399.0:     0.0: 
:--------:-----------:------:------:------:------------:----------:-----------:-----------:--------:--------: 

=================================================== CUMULATIVE PRODUCTION/INJECTION REPORT =========================================
:  WELL  :  LOCATION :  WELL  :CTRL:    OIL    :   WATER   :    GAS    :   Prod    :    OIL    :   WATER   :    GAS    :   INJ     :
:  NAME  :  (I,J,K)  :  TYPE  :MODE:    PROD   :   PROD    :    PROD   :  RES.VOL. :    INJ    :   INJ     :    INJ    :  RES.VOL. :
:        :           :        :    :    MSCM   :   MSCM    :    MMSCM  :   MRCM    :    MSCM   :   MSCM    :    MMSCM  :   MRCM    :
====================================================================================================================================

:   FIELD:           :        :    :       34.0:        0.0:        0.0:       34.1:        0.0:       34.0:        0.0:       34.0: 
:--------:-----------:--------:----:------------:----------:-----------:-----------:------------:----------:-----------:-----------: 

:       1:           :        :    :       34.0:        0.0:        0.0:       34.1:        0.0:       34.0:        0.0:       34.0: 
:--------:-----------:--------:----:------------:----------:-----------:-----------:------------:----------:-----------:-----------: 

:   PROD2:   23,   11:    PROD: BHP:        6.0:        0.0:        0.0:        6.0:        0.0:        0.0:        0.0:        0.0: 
:--------:-----------:--------:----:------------:----------:-----------:-----------:------------:----------:-----------:-----------: 

: INJECT2:   44,   24:     INJ:WRAT:        0.0:        0.0:        0.0:        0.0:        0.0:        9.8:        0.0:        9.8: 
:--------:-----------:--------:----:------------:----------:-----------:-----------:------------:----------:-----------:-----------: 

:   PROD1:   37,   24:    PROD: BHP:       28.0:        0.0:        0.0:       28.0:        0.0:        0.0:        0.0:        0.0: 
:--------:-----------:--------:----:------------:----------:-----------:-----------:------------:----------:-----------:-----------: 

: INJECT1:   17,   41:     INJ:WRAT:        0.0:        0.0:        0.0:        0.0:        0.0:       24.2:        0.0:       24.2: 
:--------:-----------:--------:----:------------:----------:-----------:-----------:------------:----------:-----------:-----------: 

 Newton its= 7, linearizations= 8 (0.1sec), linear its=114 (0.3sec)

                              **************************************************************************
  Balance  at       305  Days *                           VEM                                          *
  Report   10    01 Nov 2020  *                                             Flow  version     2023.10  *
                              **************************************************************************


Report step 10/12 at day 305/366, date = 01-Nov-2020

Starting time step 0, stepsize 30 days, at day 305/335, date = 01-Nov-2020

Field total pressure dependent pore volume = 949914 RM3

                                                  ===================================================
                                                  :                   Field Totals                  :
                                                  :      PAV  =           399 BARSA                 :
                                                  :      PORV =        949914   RM3                 :
                                                  : Pressure is weighted by hydrocarbon pore volume :
                                                  : Porv volumes are taken at reference conditions  :
                         :--------------- Oil    SM3 ---------------:-- Wat    SM3 --:--------------- Gas    SM3 ---------------:
                         :      Liquid        Vapour        Total   :      Total     :      Free        Dissolved       Total   :
:------------------------:------------------------------------------:----------------:------------------------------------------:
:Currently   in place    :        816502             0        816502:       133402   :             0             0             0:
:------------------------:------------------------------------------:----------------:------------------------------------------:
:Originally  in place    :             0             0             0:            0   :             0             0             0:
:========================:==========================================:================:==========================================:


FIPNUM report region 1 pressure dependent pore volume = 949914 RM3

                                                  ===================================================
                                                  :        FIPNUM report region   1                 :
                                                  :      PAV  =           399 BARSA                 :
                                                  :      PORV =        949914   RM3                 :
                         :--------------- Oil    SM3 ---------------:-- Wat    SM3 --:--------------- Gas    SM3 ---------------:
                         :      Liquid        Vapour        Total   :      Total     :      Free        Dissolved       Total   :
:------------------------:------------------------------------------:----------------:------------------------------------------:
:Currently   in place    :        816502             0        816502:       133402   :             0             0             0:
:------------------------:------------------------------------------:----------------:------------------------------------------:
:Originally  in place    :             0             0             0:            0   :             0             0             0:
:========================:==========================================:================:==========================================:

                                                     ===================================
                                                     :  RESERVOIR VOLUMES      M3      :
:---------:---------------:---------------:---------------:---------------:---------------:
: REGION  :  TOTAL PORE   :  PORE VOLUME  :  PORE VOLUME  : PORE VOLUME   :  PORE VOLUME  :
:         :   VOLUME      :  CONTAINING   :  CONTAINING   : CONTAINING    :  CONTAINING   :
:         :               :     OIL       :    WATER      :    GAS        :  HYDRO-CARBON :
:---------:---------------:---------------:---------------:---------------:---------------

:        1:         949914:         816511:         133403:              0:         816511:
:---------:---------------:---------------:---------------:---------------:---------------:

======================================================= PRODUCTION REPORT =======================================================
:  WELL  :  LOCATION :CTRL:    OIL    :   WATER   :    GAS    :   FLUID   :   WATER   : GAS/OIL  :  WAT/GAS   : BHP OR : THP OR :
:  NAME  :  (I,J,K)  :MODE:    RATE   :   RATE    :    RATE   :  RES.VOL. :    CUT    :  RATIO   :   RATIO    : CON.PR.: BLK.PR.:
:        :           :    :  SCM/DAY  :  SCM/DAY  :  SCM/DAY  :  RCM/DAY  :  SCM/SCM  :  SCM/SCM :  SCM/SCM   :  BARSA :  BARSA :
=================================================================================================================================

:   FIELD:           :    :      147.1:       11.8:       -0.0:      158.9:      0.074:     -0.00:        -inf:        :        : 
:--------:-----------:----:-----------:-----------:-----------:-----------:-----------:----------:------------:--------:--------:

:       1:           :    :      147.1:       11.8:       -0.0:      158.9:      0.074:     -0.00:        -inf:        :        : 
:--------:-----------:----:-----------:-----------:-----------:-----------:-----------:----------:------------:--------:--------:

:   PROD2:   23,   11: BHP:       63.0:       -0.0:       -0.0:       63.0:     -0.000:     -0.00:      0.0000:   395.0:     0.0: 
:--------:-----------:----:-----------:-----------:-----------:-----------:-----------:----------:------------:--------:--------:

:   PROD1:   37,   24: BHP:       84.1:       11.8:       -0.0:       95.9:      0.123:     -0.00:        -inf:   395.0:     0.0: 
:--------:-----------:----:-----------:-----------:-----------:-----------:-----------:----------:------------:--------:--------:

=================================================== INJECTION REPORT ========================================
:  WELL  :  LOCATION : CTRL : CTRL : CTRL :    OIL    :   WATER   :    GAS    :   FLUID   : BHP OR : THP OR :
:  NAME  :  (I,J,K)  : MODE : MODE : MODE :    RATE   :   RATE    :    RATE   :  RES.VOL. : CON.PR.: BLK.PR.:
:        :           : OIL  : WAT  : GAS  :  SCM/DAY  :  SCM/DAY  :  SCM/DAY  :  RCM/DAY  :  BARSA :  BARSA :
==============================================================================================================

:   FIELD:           :      :      :      :        0.0:      159.0:        0.0:      159.0:        :        : 
:--------:-----------:------:------:------:------------:----------:-----------:-----------:--------:--------: 

:       1:           :      :      :      :        0.0:      159.0:        0.0:      159.0:        :        : 
:--------:-----------:------:------:------:------------:----------:-----------:-----------:--------:--------: 

: INJECT2:   44,   24:      :      :  WRAT:        0.0:       79.5:        0.0:       79.5:   398.8:     0.0: 
:--------:-----------:------:------:------:------------:----------:-----------:-----------:--------:--------: 

: INJECT1:   17,   41:      :      :  WRAT:        0.0:       79.5:        0.0:       79.5:   399.3:     0.0: 
:--------:-----------:------:------:------:------------:----------:-----------:-----------:--------:--------: 

=================================================== CUMULATIVE PRODUCTION/INJECTION REPORT =========================================
:  WELL  :  LOCATION :  WELL  :CTRL:    OIL    :   WATER   :    GAS    :   Prod    :    OIL    :   WATER   :    GAS    :   INJ     :
:  NAME  :  (I,J,K)  :  TYPE  :MODE:    PROD   :   PROD    :    PROD   :  RES.VOL. :    INJ    :   INJ     :    INJ    :  RES.VOL. :
:        :           :        :    :    MSCM   :   MSCM    :    MMSCM  :   MRCM    :    MSCM   :   MSCM    :    MMSCM  :   MRCM    :
====================================================================================================================================

:   FIELD:           :        :    :       38.4:        0.4:        0.0:       38.8:        0.0:       38.8:        0.0:       38.8: 
:--------:-----------:--------:----:------------:----------:-----------:-----------:------------:----------:-----------:-----------: 

:       1:           :        :    :       38.4:        0.4:        0.0:       38.8:        0.0:       38.8:        0.0:       38.8: 
:--------:-----------:--------:----:------------:----------:-----------:-----------:------------:----------:-----------:-----------: 

:   PROD2:   23,   11:    PROD: BHP:        7.9:        0.0:        0.0:        7.9:        0.0:        0.0:        0.0:        0.0: 
:--------:-----------:--------:----:------------:----------:-----------:-----------:------------:----------:-----------:-----------: 

: INJECT2:   44,   24:     INJ:WRAT:        0.0:        0.0:        0.0:        0.0:        0.0:       12.2:        0.0:       12.2: 
:--------:-----------:--------:----:------------:----------:-----------:-----------:------------:----------:-----------:-----------: 

:   PROD1:   37,   24:    PROD: BHP:       30.5:        0.4:        0.0:       30.9:        0.0:        0.0:        0.0:        0.0: 
:--------:-----------:--------:----:------------:----------:-----------:-----------:------------:----------:-----------:-----------: 

: INJECT1:   17,   41:     INJ:WRAT:        0.0:        0.0:        0.0:        0.0:        0.0:       26.6:        0.0:       26.6: 
:--------:-----------:--------:----:------------:----------:-----------:-----------:------------:----------:-----------:-----------: 

 Newton its= 6, linearizations= 7 (0.1sec), linear its=183 (0.5sec)

                              **************************************************************************
  Balance  at       335  Days *                           VEM                                          *
  Report   11    01 Dec 2020  *                                             Flow  version     2023.10  *
                              **************************************************************************


Report step 11/12 at day 335/366, date = 01-Dec-2020

Starting time step 0, stepsize 31 days, at day 335/366, date = 01-Dec-2020

Field total pressure dependent pore volume = 949914 RM3

                                                  ===================================================
                                                  :                   Field Totals                  :
                                                  :      PAV  =           399 BARSA                 :
                                                  :      PORV =        949914   RM3                 :
                                                  : Pressure is weighted by hydrocarbon pore volume :
                                                  : Porv volumes are taken at reference conditions  :
                         :--------------- Oil    SM3 ---------------:-- Wat    SM3 --:--------------- Gas    SM3 ---------------:
                         :      Liquid        Vapour        Total   :      Total     :      Free        Dissolved       Total   :
:------------------------:------------------------------------------:----------------:------------------------------------------:
:Currently   in place    :        812249             0        812249:       137655   :             0             0             0:
:------------------------:------------------------------------------:----------------:------------------------------------------:
:Originally  in place    :             0             0             0:            0   :             0             0             0:
:========================:==========================================:================:==========================================:


FIPNUM report region 1 pressure dependent pore volume = 949914 RM3

                                                  ===================================================
                                                  :        FIPNUM report region   1                 :
                                                  :      PAV  =           399 BARSA                 :
                                                  :      PORV =        949914   RM3                 :
                         :--------------- Oil    SM3 ---------------:-- Wat    SM3 --:--------------- Gas    SM3 ---------------:
                         :      Liquid        Vapour        Total   :      Total     :      Free        Dissolved       Total   :
:------------------------:------------------------------------------:----------------:------------------------------------------:
:Currently   in place    :        812249             0        812249:       137655   :             0             0             0:
:------------------------:------------------------------------------:----------------:------------------------------------------:
:Originally  in place    :             0             0             0:            0   :             0             0             0:
:========================:==========================================:================:==========================================:

                                                     ===================================
                                                     :  RESERVOIR VOLUMES      M3      :
:---------:---------------:---------------:---------------:---------------:---------------:
: REGION  :  TOTAL PORE   :  PORE VOLUME  :  PORE VOLUME  : PORE VOLUME   :  PORE VOLUME  :
:         :   VOLUME      :  CONTAINING   :  CONTAINING   : CONTAINING    :  CONTAINING   :
:         :               :     OIL       :    WATER      :    GAS        :  HYDRO-CARBON :
:---------:---------------:---------------:---------------:---------------:---------------

:        1:         949914:         812257:         137656:              0:         812257:
:---------:---------------:---------------:---------------:---------------:---------------:

======================================================= PRODUCTION REPORT =======================================================
:  WELL  :  LOCATION :CTRL:    OIL    :   WATER   :    GAS    :   FLUID   :   WATER   : GAS/OIL  :  WAT/GAS   : BHP OR : THP OR :
:  NAME  :  (I,J,K)  :MODE:    RATE   :   RATE    :    RATE   :  RES.VOL. :    CUT    :  RATIO   :   RATIO    : CON.PR.: BLK.PR.:
:        :           :    :  SCM/DAY  :  SCM/DAY  :  SCM/DAY  :  RCM/DAY  :  SCM/SCM  :  SCM/SCM :  SCM/SCM   :  BARSA :  BARSA :
=================================================================================================================================

:   FIELD:           :    :      137.2:       21.8:       -0.0:      159.0:      0.137:     -0.00:        -inf:        :        : 
:--------:-----------:----:-----------:-----------:-----------:-----------:-----------:----------:------------:--------:--------:

:       1:           :    :      137.2:       21.8:       -0.0:      159.0:      0.137:     -0.00:        -inf:        :        : 
:--------:-----------:----:-----------:-----------:-----------:-----------:-----------:----------:------------:--------:--------:

:   PROD2:   23,   11: BHP:       66.1:       -0.0:       -0.0:       66.1:     -0.000:     -0.00:      0.0000:   395.0:     0.0: 
:--------:-----------:----:-----------:-----------:-----------:-----------:-----------:----------:------------:--------:--------:

:   PROD1:   37,   24: BHP:       71.1:       21.8:       -0.0:       92.9:      0.235:     -0.00:        -inf:   395.0:     0.0: 
:--------:-----------:----:-----------:-----------:-----------:-----------:-----------:----------:------------:--------:--------:

=================================================== INJECTION REPORT ========================================
:  WELL  :  LOCATION : CTRL : CTRL : CTRL :    OIL    :   WATER   :    GAS    :   FLUID   : BHP OR : THP OR :
:  NAME  :  (I,J,K)  : MODE : MODE : MODE :    RATE   :   RATE    :    RATE   :  RES.VOL. : CON.PR.: BLK.PR.:
:        :           : OIL  : WAT  : GAS  :  SCM/DAY  :  SCM/DAY  :  SCM/DAY  :  RCM/DAY  :  BARSA :  BARSA :
==============================================================================================================

:   FIELD:           :      :      :      :        0.0:      159.0:        0.0:      159.0:        :        : 
:--------:-----------:------:------:------:------------:----------:-----------:-----------:--------:--------: 

:       1:           :      :      :      :        0.0:      159.0:        0.0:      159.0:        :        : 
:--------:-----------:------:------:------:------------:----------:-----------:-----------:--------:--------: 

: INJECT2:   44,   24:      :      :  WRAT:        0.0:       79.5:        0.0:       79.5:   398.8:     0.0: 
:--------:-----------:------:------:------:------------:----------:-----------:-----------:--------:--------: 

: INJECT1:   17,   41:      :      :  WRAT:        0.0:       79.5:        0.0:       79.5:   399.5:     0.0: 
:--------:-----------:------:------:------:------------:----------:-----------:-----------:--------:--------: 

=================================================== CUMULATIVE PRODUCTION/INJECTION REPORT =========================================
:  WELL  :  LOCATION :  WELL  :CTRL:    OIL    :   WATER   :    GAS    :   Prod    :    OIL    :   WATER   :    GAS    :   INJ     :
:  NAME  :  (I,J,K)  :  TYPE  :MODE:    PROD   :   PROD    :    PROD   :  RES.VOL. :    INJ    :   INJ     :    INJ    :  RES.VOL. :
:        :           :        :    :    MSCM   :   MSCM    :    MMSCM  :   MRCM    :    MSCM   :   MSCM    :    MMSCM  :   MRCM    :
====================================================================================================================================

:   FIELD:           :        :    :       42.7:        1.1:        0.0:       43.8:        0.0:       43.7:        0.0:       43.7: 
:--------:-----------:--------:----:------------:----------:-----------:-----------:------------:----------:-----------:-----------: 

:       1:           :        :    :       42.7:        1.1:        0.0:       43.8:        0.0:       43.7:        0.0:       43.7: 
:--------:-----------:--------:----:------------:----------:-----------:-----------:------------:----------:-----------:-----------: 

:   PROD2:   23,   11:    PROD: BHP:       10.0:        0.0:        0.0:       10.0:        0.0:        0.0:        0.0:        0.0: 
:--------:-----------:--------:----:------------:----------:-----------:-----------:------------:----------:-----------:-----------: 

: INJECT2:   44,   24:     INJ:WRAT:        0.0:        0.0:        0.0:        0.0:        0.0:       14.6:        0.0:       14.6: 
:--------:-----------:--------:----:------------:----------:-----------:-----------:------------:----------:-----------:-----------: 

:   PROD1:   37,   24:    PROD: BHP:       32.7:        1.1:        0.0:       33.8:        0.0:        0.0:        0.0:        0.0: 
:--------:-----------:--------:----:------------:----------:-----------:-----------:------------:----------:-----------:-----------: 

: INJECT1:   17,   41:     INJ:WRAT:        0.0:        0.0:        0.0:        0.0:        0.0:       29.1:        0.0:       29.1: 
:--------:-----------:--------:----:------------:----------:-----------:-----------:------------:----------:-----------:-----------: 

 Newton its= 5, linearizations= 6 (0.0sec), linear its=143 (0.4sec)

                              **************************************************************************
  Balance  at       366  Days *                           VEM                                          *
  Report   12    01 Jan 2021  *                                             Flow  version     2023.10  *
                              **************************************************************************



================    End of simulation     ===============

Number of MPI processes:         1
Threads per MPI process:         2
Number of timesteps:            23
Total time (seconds):            9.53 
Solver time (seconds):           9.49 
 Assembly time (seconds):        1.67 (Failed: 0.6; 34.1%)
   Well assembly (seconds):      0.06 (Failed: 0.0; 45.2%)
 Linear solve time (seconds):    5.06 (Failed: 0.6; 11.9%)
   Linear setup (seconds):       0.54 (Failed: 0.2; 35.5%)
 Update time (seconds):          2.11 (Failed: 0.7; 34.6%)
 Pre/post step (seconds):        0.53 (Failed: 0.0; 7.1%)
 Output write time (seconds):    0.02
Overall Linearizations:        188    (Failed:  63; 33.5%)
Overall Newton Iterations:     168    (Failed:  63; 37.5%)
Overall Linear Iterations:    1643    (Failed: 131; 8.0%)



Error summary:
Warnings          6
Info              170
Errors            0
Bugs              0
Debug             0
Problems          3

